1, RT @757LiveCA: #Ebola virus: What is it what are the symptoms and are there any cures? - The Independent http://t.co/41mlAkc5nQ,,
1, #NewsSites #Ebola - Ebola is a scary disease but not as scary as the stupidity and public panic ... http://t.co/YSj7D2xFiF - #OtherTech,,
0, G+ #ebola New post!: [Video] Jim Iyke Does Ice Bucket Challenge For Ebola! http://t.co/nrGpzHsGHt http://t.co/Vyr9XPCi5L,,
1, RT @MicrobesInfect: Sierra Leone to Impose 3-Day #Ebola Quarantine http://t.co/tJIKf4UZnB,,
0, First HPC Service at University of Sydney Tackles Big Science Problems http://t.co/EpRvBv7zeg #Ebola,,
0, RT TH3AomZa4109: RT UNICEF: PHOTOS: Meet these heroes fighting #Ebola in #SierraLeone http://t.co/3qMV6x8L2A #... http://t.co/dMCmkd2chI,,
0, In Gabun ist die Ebola-Impfstoff Studie gestartet - http://t.co/H7sTMIEwzp #Ebola #Impfstoff #Ebola-Virus,,
0, #Ebola #Data @SocialNewsCorp http://t.co/KEelInkHlv Via #Twitter @midwives4all @ChibokClock @2015Banjul,,
1, @AlaskaMiles the flu is an airborne virus that kills millions. #ebola is much tougher to catch. http://t.co/O3OzYkKzSy,,
1, #EBOLA has been trending 30min on the OUTBREAK page http://t.co/7OTdIjING4 #Tweetzup,,
1, #ebola Fifth doctor has deadly virus in Sierra Leone  http://t.co/Va04wxYIhf,,
1, 8. A washing machine will kill the virus in clothing saturated with infected body fluids. #Ebola @RC1023FM,,
0, #Ebola http://t.co/0osIgFM3i3,,
1, #Nigeria #news No #Ebola case in Niger state- Health commissioner http://t.co/M3QU9h55tB\x0A #nairapark  #newspapers,,
0, Found this #Ebola necklace on Etsy. http://t.co/gyEiC0Rfy2,,
0, #Benin Postpones #Africa #HealthMeet Over #Ebola - The New Indian Express http://t.co/v91t55IeBF via @NewIndianXpress,,
0, @FearDept and here is how Americans respond to #Ebola Lol: Comedian Shows The Difference Between US &amp; UK: http://t.co/q0u1pskVv0,,
1, #UK leads promising #Ebola vaccine trial\x0A\x0Ahttp://t.co/QhO3Y6DZFM,,
0, link do programa completo sobre #ebola http://t.co/VEQ4AouVFA  #StopEbola,,
1, RT @YahooNews: .@UN mission to combat #Ebola opens headquarters in Ghana: http://t.co/vkyBNFOWLM http://t.co/XKTUYtTY31,,
1, RT @dakarecho: Le #datajournalisme pour combattre #Ebola -: http://t.co/lj5PJHit06,,
1, Concerned about outbreak of #Ebola? How to protect your people and your organization http://t.co/UI7Gpj6FWO,,
1, Panic Stations: Suspected Hong Kong #Ebola case is another false alarm http://t.co/90fCXUgisn #SARs #China http://t.co/YrMV3wj9Vx,,
1, LISTEN:https://t.co/v593pNzkFN\x0A\x0AIn the fight against #Ebola and Xenophobia African artists unite.@DlaminiZuma  @DonaldKaberuka @DONJAZZY,,
1, 2000 lives have been lost so far due to the scourge of #EBOLA in Liberia. Let's b our brothers keeper n Pray for divine intervention .,,
1, RT @DrMukeshH: .@medwma #jdn African Development Bank announces $60m to fight #Ebola http://t.co/BpvmZkt2kC via @an_news,,
0, #EBOLA: @ZAINVIOLENCE SOFREDORA DE EBOLA? BURRA ASNO http://t.co/KuP4FolqrE,,
1, YTB #ebola http://t.co/cbndVXqPto A Major Increase in Our Response to the Ebola Outbreak,,
0, #ebola Eleven handed life sentences over Guinea Ebola worker murders  http://t.co/s6lsFGmA76,,
1, #DidYouKnow the #Ebola crisis is still happening? Here's what @WFP's @martinpenner saw --&gt; http://t.co/gm7Gyy05h2 http://t.co/6LlK8CNEKS,,
1, #Ebola USAID broadens effort to correct Ebola misinformation in Liberia - Devex http://t.co/KpnUC8qqKv,,
0, @sam_G133 Lmfaooo #ebola #chicken pocks,,
1, #Ebola #vaccine has not been linked to #Autism. #Diarrhea yes http://t.co/9rwIqU35me,,
0, @izacmann hey Zach Mann I see that you are tweeting Ebola check out http://t.co/U0M8jd1ElC for up to the minute #Ebola info.,,
0, @FalsaBandera2:@LuzMariaChavez1 #LUKAS #SICARIAS DEL #EBOLA @EPN @GoldKizz @SATMX EL #SudorDeNALGAS DE #GAVIOTA @EPN http://t.co/y5XG1A4ifm,,
1, we must fight agains #EBOLA not by attacking innocents students in school.,,
0, If you missed Hagmann &amp; Hagmann interview last night on Sharon's new book the archive link is http://t.co/PcpMDyNxkz #Ebola #transhumanism,,
1, We urge Sierra Leone authorities to move in quickly and contain the spread of these 2 newly reported #Ebola cases. #AfrYPoDHealth,,
1, #ebola Ebola for beginners: Twitter map outlines some elementary geography  http://t.co/TA68eI00lW,,
1, @WHO:Dr Kieny:Research teams have been set up &amp; preps made-incl special fridges in place-4 #Ebola vax tests in #Liberia #SierraLeone #Guinea,,
1, An update on the current efforts of TSA in #Liberia and #Sierra Leone to respond to the #Ebola crisis http://t.co/mAW5HZRkSd,,
1, Husband Visits Wife in Isolation After His Own Precautionary #Ebola Quarantine W...  http://t.co/X67CqZxIjS via @theblaze,,
1, #Ebola is getting out of control http://t.co/gLDigKqDS8,,
1, @chamberlainusoh #Ebola if a patient has recovered and can't  transmit the virus again how about a relapse of the disease later in life,,
1, #EBOLA: RT @Reuters: West Africa Ebola outbreak could infect 20000 people WHO says  http://t.co/i4qiw5nhjw,,
1, Audio postcard: Addressing #Ebola myths by interviewing a survivor  http://t.co/S2mg4nvYCC,,
1, I see that #Ebola is still contained in the poor disease ridden third world #Glasgow,,
0, Following our #ChiefofStaff yet? @AfricareDevComm tweets abt #maternalhealth #Ebola the life of a #fundraiser and being a #workingmom!,,
1, Ebola shows how our global health priorities need to be shaken up - The Guardian http://t.co/0kkFywhRK1 #ebola #EVD,,
0, #Ebola #Africa #???? #GameAintBasedOnSympathy #GgM #GabosMediaGraphix http://t.co/woNeTDTZHq,,
1, Is Kuwait safe from Ebola virus? #kuwait #Ebola,,
0, Anbfalt lesing om #ebola i #SierraLeone: http://t.co/eY0q40REDs,,
1, @steaad Yes and it begins with educating. They should be caught and quarantined but not shot. That is inhumane. #Ebola,,
1, There will always be natural disasters that we will have to deal with but in a fundamental way#Ebola was manmade.-@billclinton #Action2015,,
1, Spanish aid worker being tested in Madrid for #Ebola after needlestick in Mali.  http://t.co/8oFEF6zX7G,,
1, RT @lapublichealth: #Ebola NO se transmite por el contacto casual http://t.co/hGIPfnzK1c,,
1, @IDRF partners with @globalmedicdmgf to send 4000 Household Protection Kits for  #Ebola to Sierra Leone &amp; Libera http://t.co/E0D5zOoeG3,,
1, 2014 Ebola Outbreak: Worldwide #Airtransportation and Relative Import Risk http://t.co/OXzijsBhyy #ebola,,
1, @WHO PPE Guidelines #1phagainstebola only wear PPE if pt is showing symptoms of #ebola http://t.co/SUmNCe1IRq http://t.co/6ReRrzh2H7,,
1, Ebola drug study canceled due to declining cases http://t.co/otn35bvJA7 #Ebola,,
0, @ProducerMarie hey Marie Lanza I see that you are tweeting Ebola check out http://t.co/U0M8jd1ElC for up to the minute #Ebola info.,,
1, Hello Europe. 1 pax a-flying 2 forms a-filling 3-hands a-washing 5 temps a-checking. All done now. I feel for my American friends. #ebola,,
0, RT BRios82: Republicans never accept responsibility for anything! Spread their shame! #Ebola #UniteBlue #Tcot #L... http://t.co/1ZC5MxGUFt,,
0, Impfstoff gegen #Ebola Forscher in den USA berichten von erfolgreichen Tests an 20 Menschen. http://t.co/SUk9Pbx4JA,,
1, Ebola Scan for Sep 21 2015 - http://t.co/EUiCqnSoxI #ebola,,
0, RT @1_conservative9: Welcome #Ebola @WayneBogda @ChristieC733 @FreedomChild3 @Sierra0559 @atestafyr @Steph93065 http://t.co/IuMnPBSEzm,,
0, VoteForObama http://t.co/o4yqQht9BT #Ebola @danniBalPat13 @GrandeAriana_14 @RonNehring @JoT_JeRk @anamikiba15 @brianohnson @ashiishafique,,
0, RT @cursedoutpros: #Vine #groupies on Twitter is internet #Ebola.,,
0, Being a Billionaire doesn't warrant one eternity or immortal promises in future. #ebola.,,
1, G+ #ebola New estimates from the World Health Organization warn the number of Ebola cases could hit 21000 in ... http://t.co/qBJjYwOKS2,,
1, .@SenatorHarkin to Dr. Brantly #Ebola survivor top 3 things to do? 1. Do it now. 2. Send trained healthcare workers. 3. Educate. @CDCgov,,
0, #ebola buria team face stigmatization in Kailahun.http://t.co/lei52WNZyj,,
0, #Experts or Professionals no longer rely on personal experience #PoliticalCorrectness has overtaken #Americans NOT #NationalSafety #Ebola,,
1, UN Secretary General Ban Ki-moon makes an emergency appeal for 600 million dollars to help combat the #Ebola outbreak in West Africa.,,
1, Scientists warn #Ebola transmission may be airborne; urge full respirators for frontline health workers - http://t.co/4wRqC8hPJT,,
0, @Noticensura: LLEGO EL #EBOLA A #VZLA No permiten autopsia de fallecidos por virus misterioso. http://t.co/Gnj2wXFVDR http://t.co/8MYNiJ4zP2,,
1, #EBOLA: RT @alokdesh: Maharashtra #Ebola helpline established Director of Health Services of the state to Bombay... http://t.co/YkAnBhijcy,,
1, WHO: 1000s of #Ebola #vaccine doses in coming months http://t.co/px2vMHuj8y,,
0, Suspeita de #Ebola na #Venezuela !,,
0, @margaret_begley girrrrrl you know #partybuckwild #Ebola http://t.co/dpzfcEHii9,,
1, US contributes $1 million 2 support @iaeaorg 's initiative 2 streamline #Ebola diagnosis http://t.co/pj6EBaxZrs #USAfrica,,
1, @WorldheaIth Supernova are proud that we have passed test EN 144762005 quantitative suspension test for #Ebola #EbolaOutbreak,,
1, #Plagues pestilences -- World is losing battle against #Ebola medics say http://t.co/C7OWz7Bd3K #Africa,,
1, #Ebola #Genomics Improved mouse model will accelerate research on potential Ebola vaccines treatments http://t.co/1MiEr6WMmj,,
1, .@cmyeaton in @PopSci 'contact tracing and improving infection control can help but not halt' #ebola #epidemic http://t.co/ObhjtXddQk,,
1, #Ebola prevention starts with you. http://t.co/7w9g0GzfW6 -#news #iPhone #mHealth http://y.ou,,
1, RT @CTVToronto: RT @CTVNews: BREAKING: Montreal hospital confirms patient isolated after return from Guinea does not have #Ebola,,
0, #Ebola http://t.co/lrotGMqprM,,
1, 'Highly Effective' Ebola Vaccine Developed in Guinea http://t.co/4axE1iglB6 #Ebola,,
0, G+ #ebola Ebola: Police raid Lagos hotels arrest 39 foreigners\x0AMen of the Nigerian Police from the Area A Command... http://t.co/wDtfhnfvuQ,,
1, Emerging from the spectre of #Ebola in #SierraLeone\x0A[good story!]\x0Ahttp://t.co/WUQnQpRfVg,,
0, BUSIA: Border #Ebola kit breaks down http://t.co/SRO79RJj7d #Kenya http://t.co/azIgpeM7qf -- @dailynation,,
1, Join me on Talk Naija this a.m by 10am via @RC1023FM as we rub minds on d #stigmatisation of #Ebola  in Nigeria and how to deal with it.,,
1, Finally a fixed price for #ebola vaccines? $100 for one dose: http://t.co/IVm6vOQBQn (@NaijaExclusive1),,
0, Prquoi contamines d #Ebola doivent ils retourner ds leur pays d'origine pr se soigner? restent en Afrique et on leur envoie volontaires,,
0, TopTag(3hrs) 1:#Tush 2:#tech 3:#NYFW 4:#ebolachat 5:#TCDisrupt 6:#Ebola 7:#Mayhem 8:#JimmyFallon 9:#website ..,,
1, Support these four organizations to help fight #Ebola http://t.co/zH89nvXkgl  @MSF_USA @CatholicRelief @Africare @SamaritansPurse,,
1, #Ebola epidemic creates #FoodCrisis in #WestAfrica. http://t.co/sOlTz31sW3 #Guinea #SierraLeone #Liberia #FoodSecurity,,
1, Hard hit against ebola http://t.co/UskpeinQKc #ebola #eboflip @StefanieDekker,,
0, #Ebola http://t.co/oPgkRCHHuN,,
1, Nowyou blame the west again for #Ebola; are they the ones forcing Bats and Rats down your greedy throats?!!!! #Africathink!!,,
0, These herbalists mehn... Do they ever learn #sierraleone #Ebola,,
1, Concerned about #Ebola? Local state health departments well prepared:http://t.co/IpKJmtwRJ0,,
1, New York health officials test person's remains for Ebola http://t.co/pP6mcPlNaT #Ebola,,
1, RT @WashTimes: U.S. #military planes arrive at epicenter of #Ebola http://t.co/tVJeAheaUB #world #health http://t.co/inqNaDYSn0,,
1, @DCComics @stevezaragoza @Gotham @InfiniteCrisis Which is dangerous?\x0A#Ebola:http://t.co/Xy5px0vhbs  \x0Aor \x0A#Rabies:http://t.co/dbD8A24bCu,,
1, Drop In #Ebola Cases  http://t.co/Z3Lpktvguq,,
0, @mapaction vols Alan &amp; Anne-Marie all glammed up for tonight's #charityawards in recog of our #ebola work http://t.co/r2bzkvldkC,,
1, RT @YahooNews: MORE: @WHO reports 142 new laboratory-confirmed probable or suspected #Ebola cases; 77 more deaths: http://t.co/2JBQAno6MQ,,
0, RT @justinforsyth: Fight #ebola #BandAid30 @TheXFactor Pre-order the single now and help #stopthespread  http://t.co/2PuiXL90Ye,,
1, 9 Ways New Yorkers Benefit From The #Ebola Panic http://t.co/Or1ZBGKwgr #NewYork #NewYorkCity #LibCrib #TopProg #tcot #UniteBlue #PDMFNB,,
1, @UN_Women @MSF @Reuters  #Mosques_churches_temples for all humanitarian outreach against #Ebola virus,,
0, Trying to figure out if my computer can catch this bola virus everyone's talking about through an infected email. #ebola,,
0, #Ebola http://t.co/wmtiP3lYur,,
1, U.S. Ebola Panic Vanishes Just as Money Is About to Flow http://t.co/Kz5jgS0Gjn #Ebola,,
1, Red Cross Officials: #Ebola Flaring Anew in Africa http://t.co/nKOOjNt2zr,,
1, 2 Caucasian doctors contract #Ebola and they get shipped directly to #EmoryUniversityHospital and are given a cure,,
1, Stop obsessing about #Ebola &amp; make sure your family is up to date on #vaccines - #PREVENTION before #pandemic,,
0, RT @AmeriCaresNews: .@americaresprez reacts to @nytimes editorial on WHO #Ebola response @americares http://t.co/as4dspDTak,,
1, http://t.co/f1CBf47ljV New York #Doctor who survived #Ebola speaks out http://t.co/EZ1YeOQJ2U  AUTOMATIC #Blogger,,
1, #Fact: aersolized blood once infected an entire #OR team with #Ebola. \x0A-\x0A#Healthcare #OSHA #CDCchat #Ebolavirus #hcsm\x0Ahttp://t.co/V68smWPxOq,,
0, One word.... #Ebola https://t.co/gjvNMzkHyF,,
1, http://t.co/i9LrEu35Dg learn latest about Ebola as of August 26 2015 at 07:03AM. Stay healthy. #Ebola,,
1, Doctor critical in US hospital #Ebola http://t.co/dLoc8QAvaQ,,
0, Top-Gun-Ursel macht endlich mal was sinnvolles #Ebola http://t.co/5mBecLWkX4,,
1, #UN chief: #Ebola easing in some places urges aid - Nov 21 @ 3:11 PM ET http://t.co/wSoJOVqs2W,,
0, #Ebola is the new black,,
0, RT healthyworld24: TheRoot About:\x0A#Ebola:http://t.co/x889xV5AGO\x0A#ALS:http://t.co/p9ChryXiO8\x0A#MERC:http://t.co/jxtjVIHEOa,,
0, #Ebola-hit states plead for more help WHO rebuked for slow response - Reuters UK http://t.co/UiZroADrdc,,
1, What Research Is Being Done To Combat This Disease? http://t.co/qAS574qKgE,,1
1, . envoy says 'war' on #Ebola could take 6 more months http://t.co/0VpWG70vIy,,
1, Stocked up big time on this #Immunity building micronutrient developed by #USA #Military http://t.co/WmYR9ZJ3Ja #Prep #Ebola #survival #tcot,,
1, http://t.co/i9LrEu35Dg learn latest about Ebola as of August 18 2015 at 10:02AM. Stay healthy. #Ebola,,
1, RT @RT_com: #Ebola-positive man possibly infected 10 in Texas http://t.co/iJk81BkSw1 http://t.co/ibbI3YPoAZ,,
1, Nigeria records rare achievement as @WHO acknowledges that we have halted #Ebola http://t.co/2J1VKUC5Hi,,
1, RT @YNaija: Uche Okorie: #Ebola- An open letter to Nigerian doctors (Y! FrontPage) http://t.co/j5ZwiTeskz,,
0, @AlphaTutorsLTD About #diseases:\x0A#Rabies:http://t.co/OBrNLrAM9g\x0A#MS:http://t.co/AOX3oRafyG\x0A#Ebola:http://t.co/0hl4RIvAOZ,,
1, #Humanitarian heading out to #Ebola response? Read this guide to giving psychological first aid in outbreaks: http://t.co/C4czI315Ar,,
1, RT @CNN: #Senegal confirms first #Ebola case. http://t.co/fa26IEmfE7,,
0, BBA + South Africa Visa + #EBOLA,,
1, WATCH: @UNMEER profiles #Ebola survivors who returned to help in #EbolaResponse: http://t.co/cX2QuOZykX @UNDPAfrica,,
1, After I survived my fight with #Ebola I faced stigma. #ShareHumanity #EbolaStigma http://t.co/0BWDfsVZOq,,
1, Interdisciplinary campus panel to examine Ebola outbreak from all angles #ebola http://t.co/4wd4zLDqkY http://t.co/A6NHO3iwju,,
1, G+ #ebola Ebola: US to conduct vaccine trial in Nigeria\x0AThe United States health officials have said they are ... http://t.co/nopC1JiLAy,,
1, ITG #ebola http://t.co/L8yAhUv2IM #4thSierraLeon #DoctorInfected with #Ebola this is serious! If you aren't pay... http://t.co/ehvZIysZeF,,
1, #Immunization drive under way for 3 million #children in #Ebola-hit countries   http://t.co/qRhTZEhHuA via @unicef,,
1, 1 in every 500 Liberians may have already been infected w/#ebola says @KaiserFamFound http://t.co/0ftCdcdbaV,,
1, Dr. Frias defends #ebola drug the #eboflip http://t.co/EFgJGLSQea @dliebelson,,
1, DUDES OUT HERE MORE WORRIED ABOUT CATCHING #EBOLA THAN GETTING CAUGHT FOR NOT PAYING CHILD SUPPORT. #WashThemHandsTho,,
1, Rare Good News Regarding 5 #Ebola Patients In Nigeria : NPR http://t.co/eSp7QEapjP,,
1, Ignorance of #homeopathy can be costly in terms of human lives. \x0AThose with syphilis could be immune to #Ebola. Responsible ppl not bothered,,
1, #ebola Guinea Deploys Police as Sierra Leoneans Flee Ebola Lockdown  http://t.co/rhc2PZ8MLk,,
1, Also why are we just now fervently working on a vaccine when #Ebola has been known since 1976? @cdcemergency,,
1, @FoxNews @TheFive @SpecialReport Closing the door on #Ebola and #Democrats it's just #CommonSense  https://t.co/1nqQeJUID8,,
0, RT @__Keyti: En plus $6 millions quoi!!! Ces gens profitent de n'importe quelle occasion pour tendre la main en nos noms. #ebola,,
1, #EBOLA: #fabuloxmag West Africa: Flight Restrictions Hamper Ability to Battle Ebola - UN: [UN N...  http://t.co/NVNiqClebj,,
1, Liberian authorities announce that only 5 cases of #Ebola remain in #Liberia coming down from thousands just months ago. #Goodnews,,
0, #Ebola http://t.co/whTpHuym5H,,
0, Investing in water &amp; sanitation systems means reducing human as well as financial cost: http://t.co/fruWAUpo8x #Ebola http://t.co/aSKGC8CHeD,,
1, #Ebola Reports Three Ways Health Officials And Doctors Fumbled In Communicating Ebola Risk   http://t.co/GSxobqEGP3 http://t.co/qD6QeyGCvi,,
1, Hard hit against ebola http://t.co/ubNQ8mRaV5 #ebola #eboflip @byronpitts,,
0, GGA #Ebola Fr http://t.co/5oMktNymst Ebola: l'OMS d cr te une ''urgence de sant publique de port e mondiale'' August 08 2014 at 09:17AM,,
1, #Ebola toll may be far worse than reported official says: Ebola outbreak could be far worse than reported a ... http://t.co/AZGcpzO92N,,
0, RT @Crof: #Ebola in Liberia: More on the new case http://t.co/IgIybEwpHg,,
1, RT @WJCL_News: Patient who may have Ebola arrives in Atlanta http://t.co/tPfv4AFawQ #APGeorgia #Ebola #Georgia,,
1, RT MackayIM: #Ebola virus disease by month now into 2015. http://t.co/WhVViX2Rcl,,
1, How Ebola-vaccine success could reshape clinical-trial policy http://t.co/VyTGcUCfAY #Ebola #Health,,
0, @UNICEFnl vertel dat ook aan alle islam/moslim landen/leiders die graag oorlog wilen voeren overal ter wereldmaar ook #Africa #Ebola virus,,
1, Forensic author's take on #Ebola and the CDC Response ~ Pretty Opinionated blog ~ @prettynameless ~~,,
1, #FightingEbola award nominee @xylastXP antiseptic protects for up to 6h: under armor for #Ebola health care workers! http://t.co/vEKZb082Ib,,
1, #Ebola: Two people released from quarantine in Port Harcourt: A doctor and a pharmacist quarantined after they... http://t.co/Y04AuZ5Puk,,
1, Ebola: Human Vaccine Trial Begins in the US: The much awaited trial of the #Ebola vaccine has kicked off in th... http://t.co/d2mcQIfL2w,,
1, #SierraLeone #Ebola curfew.Too late.Too short. Another sign of poor #outbreak preparedness &amp; #Publichealth thinking  http://t.co/TpULau4Z1R,,
0, @azannaphx @edshow @WSJ @BarackObama @NBCNews #Wallstreet journal owned by @newscorp @21stCenturyFoxBritish Petroleum dumps #Ebola #Liberia,,
1, UN says it will try to identify all Ebola cases by June http://t.co/QVvbeUqHSi #Ebola,,
1, Two experimental #Ebola #vaccines pass safety test ,1,
1, How Do You Catch Ebola: By Air Sweat Or Water? - NPR (blog) http://t.co/OdQrAwJjPc #ebola #EVD,,
1, #Ebola #news State governors stand firm on Ebola quarantines despite White House pressure http://t.co/u9peHysB1L,,
1, Are Angolan free-tailed bats the reservoir species for #Ebola? http://t.co/s9UokwIz5U,,
1, Who should be responsible for the long term care of #Ebola survivors w/ health problems? Why? Share your thoughts: http://t.co/Z53Cwi3ENK,,
1, Leaders to UN: We Need Better Crisis Response After Ebola - http://t.co/JzcUPkFaZx #ebola,,
1, RT raj_smartgirl: RT FolloBrodalumab: A 1995 Congo Operating Room #Ebola outbreak led some to re-consider if #Eb... http://t.co/Wl3vIDb4Px,,
1, @g_quaye  #Ebola death toll in west Africa now 2296:\x0A\x0ALiberia - 1224\x0AGuinea - 555\x0ASierra Leone - 509\x0ANigeria - 8,,
1, RT @JoeFree76: An alert American public should be apoplectic over Obama ignoring the daily direct flights from #ebola Liberia to JFK #maddow,,
0, WHO pastikan Nigeria bebas #Ebola Senin (20/10) setelah 42 hari tidak ada kasus #Ebola baru. @voaindonesia @rrionline @SindoTrijayaFM,,
0, RT @Gheblawi: Amir Tag Elsir's @amirelsir #novel (#Ebola '76) #ebook edition is now available on #Kindle http://t.co/pTIDIShuzk,,
1, RT @WHOAFRO: #Ebola outbreak #Uganda - WHO does not recommend that any travel or trade restrictions be applied to Uganda.,,
0, La Bolivie rappelle que son Parlement vient de voter un ajout d'1 million de dollars pour le fonds de soutien #Ebola #WHO #EB136 #AFP,,
1, RT FluTrackers: Nearly halted in #SierraLeone #Ebola makes comeback by sea http://t.co/kLDfZnFB9X h/t Pathfinder,,
0, ITG #ebola http://t.co/N41mIWDDIA #ebola #marshallaw by its_goddess http://t.co/dDY5Rk7HfF,,
0, During this #Ebola outbreak $FMCC investors will also want to buy $SMED. They handle medical and hazardous waste http://t.co/vTV3wPBONo,,
1, UN Secretary General Ban Ki-moon on #Ebola - We must remain vigilant and do better with the next health crisis. http://t.co/Vp83KxDyGN,,
1, Area of #Ebola risk from #animals bigger than thought - http://t.co/xpzR9oGr9j,,
1, G+ #ebola NNPC shuts down clinic in Lagos over suspected patient with ebola virus\x0AThere was panic in Victoria ... http://t.co/fKQsx4qPmt,,
1, A boy in homemade #ebola protection gear waiting with his sick Mom in Monrovia. Photo by Ben C Solomon http://t.co/azGkVNJXe0,,
0, #Obama  #FEMA #money #Ebola #market #RFID #US #USA #WakeUpAmerica\x0A#stockexchange #sexy #Food #Porn #sex #SHOW #load #MORE,,
1, Dr. Frias defends #ebola drug the #eboflip http://t.co/sdiA0QxhMw @Moadow,,
0, Lassa Fever Death in New Jersey: Risk to Public Called Low http://t.co/S8H56otwkj #Ebola,,
1, How Much of a Threat is Ebola to Travelers? http://t.co/2z2GJhKd0h #adventure #travel #explore #ebola,,
1, #DBENEWS 5 #KeyFindings from AP's story on #WHO and the #Ebola #Outbreak - #Geneva #Switzerland #Europe\x0A\x0Ahttp://t.co/pP6sYyuGTO\x0A#DBEMG #News,,
1, #Palin: Obama administration's incompetence shining bright in Ebola crisis #news #jobs #cachejobs #jobsila #ebola http://t.co/F2Mgb7ds6Q,,
1, Reports of a possible case of #ebola in #Brazil. A 47 y/o man is currently hospitalized in Rio de Janeiro.,,
1, Cocoa Surges on Ebola Fears   http://t.co/Vap2GSz1HA\x0A  #cocoabeans #cocoafutures #ebola http://t.co/XJe2hy6sxX,,
1, Obama sends 3000 US soldiers to fight EBOLA. Someone somewhere surely checked it on the maps.   #Ebola #EbolaOutbreak,,
0, @PIH @lastmilehealth @projectmuso @WellbodySL  @yates_rob great piece on ending the Bamako initiative #Ebola #uhc http://t.co/cjGxAcScNl,,
1, Holy shit!! @BarackObama is sending thousands of military to #Africa in an effort to keep #ebola from #USA but no troops to keep #ISIS out!,,
0, I found someone on tumblr who is travelling Europe and tags all his photos with #ebola. Why? Does he have ebola? Why? Why? Why?,,
1, Lots of #Ebola news today: Nina Pham released http://t.co/wxnzd1VIfh but also new quarantines http://t.co/1Z9yh1tEMC,,
0, #WorldCup #Ebola - Just like everyone else Google puts together end-of-year lists for its var... http://t.co/yDYnoV7rkF - #Google #Tech,,
1, #SierraLeone Around 30 workers fired cause they abandoned #Ebola infected bodies to ask for more primes.Replaced by soldiers.,,
0, High School Students Write To Thank Ebola Workers And Get Unexpectedly ... - Huffington Post http://t.co/UB6Hqd5QT0 #ebola #EVD,,
1, How can you come and go from quarantine &amp; still call it quarantine? http://t.co/1Q8OeI56A7 #ebola,,
1, #Ebola With many Ebola survivors ailing doctors evaluate situation - Bradenton Herald http://t.co/M5zuxDXSKm,,
0, #Ebola \x0Ahttps://t.co/8qnjCFuIsM,,
1, Twitter and #ebola fascinating article about how Twitter has responded to ebola @symplur http://t.co/AlfGdq8F9b #crnurse,,
1, @CDCemergency #Ebola infected touches elevator button w saliva finger &amp; you touch that button &amp; rub your eye...infected. Cut the $h!t #CDC,,
1, #Ebola British worker tests positive for Ebola - Newstalk ZB http://t.co/hWbryilqb6,,
1, #Ebola vaccines racing forward at record pace http://t.co/9u8x8WvOYf,,
0, ALLARME #EBOLASTRUTTURE SPECIALI A #CAGLIARI E #SASSARI http://t.co/0sBA9LEJI9 #Sardegna usata come discarica.vergogna! @GianLucaArtizzu,,
0, 5. Penularan ebola banyak ditemukan berasal dr kontaminasi cairan tubuh seperti darahspermakeringatair liur penderita #Ebola,,
0, Corbyn Leadership Would Harm The 'Vulnerable' http://t.co/HuagtKtFXJ #skynews #ebola #iphonewallpaper #hdwallpaper,,
1, Taiwan: Suspected #Ebola Case of Man Who Ate Bat Meat in Nigeria - http://t.co/jnCOpxzRcb via @SHTFDashboard,,
1, Untested Ebola drugs 'can be used' #ebola #liberiangovernment http://t.co/Y3ou68xyr9,,
1, Antidote to #Ebola bomb may be real reason behind #SanDiego bio-tech operation http://t.co/K2NwmpVcKC via @sdreader #foia,,
1, G+ #ebola Lessons learned 6 months into worst Ebola outbreak - WDAM - TV 7 - News Weather and Sports\x0A... http://t.co/ULgAJ58ICg,,
0, WOMAN REVERSES BREAST CANCER http://t.co/6wnU1N9uB3 #ebola #zombies #vancouver #ellen #oprah #ikea #exo #droz #drphil #onedirection #canada,,
1, RT @alexvallenilla: #Ebola New antibody weapons against a relative of Ebola virus found - Sakshi Post http://t.co/1ms8xxMlvp,,
1, @megynkelly #thekellyfile please analyze pros/cons of bringing #Ebola here = how foreign enemies would poison local streams 2 win back then?,,
0, http://t.co/pCal3eMB8r #news #ebola http://t.co/pCal3eMB8r #android #ios http://t.co/pCal3eMB8r #BREAKING http://t.co/rhg95zYXcj,,
1, #Liberia opening second  #Ebola center in capital #MONROVIA  http://t.co/iiWn3UyQRS,,
1, #Ebola: Two people released from quarantine in Port Harcourt http://t.co/VRDxvFMS04 @metronaija,,
0, RT @Sisaministerio: Kaksi suomalaista asiantuntijaa Sierra Leoneen #ebola #siviilikriisinhallinta http://t.co/EpwYbRJqMm,,
0, This #Ebola serious o,,
0, #PaulAllen Sends #Smartphones in to Battle #Ebola  #GLV http://t.co/B3dMnPlXme,,
1, Ebola virus 'Achilles heel' found by scientists could lead to 100% protection #ebola. http://t.co/7ydW8nfSTs,,
1, G+ #ebola Hopes raised as Ebola vaccine protects monkeys for 10 months http://t.co/P47oN3qZTJ http://t.co/9QikZAtsnO,,
1, Dun dun duuuuuuuuun!  #ebola is the new #anthrax\x0A#runforyourlives #propaganda #electiontime http://t.co/Ghyw6qj7Qv,,
1, Fearing #Ebola surge #Mali widens virus watch. WHO director of Ebola response Dr Rick Brennan is on @RNBreakfast after 7.,,
1, Mother child from Liberia under Ebola monitoring in Amarillo - http://t.co/A1zBLIJGZU #ebola,,
0, Dr.Gregory Ciottone \x0AQuarantine Vs Isolation in an Infectious Outbreak\x0A#Ebola #GRTEIS disaster medicine http://t.co/lEO6wOFoSj,,
1, International aid for West Africa - USA send soldiers in #Ebola areas https://t.co/CtoeiQq4DL,,
1, #Ebola provides scare at #UVA http://t.co/fGM6UwhAlK,,
1, G+ #ebola Ebola Virus will soon be stamped out in Nigeria - Health Minister\x0AThe Minister of Health Professor ... http://t.co/5hvmt41xQD,,
1, YTB #ebola http://t.co/MZd5gsyx24 Ebola death toll reaches 2000,,
0, Close to 150 shirts sold already for the #ebola orphans -- get yours while you still can http://t.co/K6ZxLiuyIF,,
1, According to the #WHO travel between #Ebola-affected countries is low-risk.  Here's all you need to know. #Health http://t.co/CJFP1CquTe,,
1, RT @HCSMnews: #Ebola experimental drugs and vaccines http://t.co/RWWn3ude5R @mattMD #HCSMCA,,
1, US government ships possible Ebola patients to hotels with no biohazard safeguards - http://t.co/eK6BgPo7pr #ebola,,
1, Wait Where's #Uganda? Confusion Fear of #Ebola Keep Tourists Out of #Africa ,1,
1, U.S. CIO Steven VanRoekel steps down to work on #ebola response http://t.co/K4tOiic9gM #fedgov @govtechnews,,
1, @CNN @WHO @drsanjaygupta maybe these healthcare professionals should stay in #ebola hotzones until ourbreak is under control instead of....,,
1, RT @physorg_health: WHO: Use #Ebola survivors' blood to treat patients http://t.co/rQSljA0Afq,,
1, A top scientist worries that #Ebola has mutated to become more contagious http://t.co/WoLzx2MHPS\x0A#BlackTwitter,,
1, RT @anea194: Bloody band aid again. Why don't the bloody billionaire pop stars send billions towards #Ebola and leave the fuck of us alone?,,
1, The Caribbean successfully conducts Ebola simulation exercise - http://t.co/8mxI77cg4P #ebola,,
0, too soon? #Ebola http://t.co/zmRTY3SMrA,,
1, Ebola: A Role for Nurses in Sharing the Facts http://t.co/PvMyRbEUev via @AJN #nurse #ebola #healthcare,,
1, RT @ABC: Watch live: The #Ebola outbreak continues to spread @DrRichardBesser is live from Liberia http://t.co/dseRaZYiuP,,
1, G+ #ebola Senegal closes border as UN warns on Ebola flare-up\x0APart of efforts to contain outbreak; Toll hits 1350... http://t.co/kK5WPwdFRY,,
1, RT @Eurosurveillanc: Read articles on the ongoing #Ebola outbreak in West Africa published in Eurosurveillance http://t.co/2dtqz97H3W,,
1, New blog: Stories from a small @CDCgov lab in Bo Sierra Leone on the front lines in the fight against #Ebola http://t.co/7RvR7eDlv0,,
1, #Ebola Liberia declared free of Ebola again: WHO - Yahoo News UK http://t.co/TORYGnt4mJ,,
1, Australia must stop making excuses on #Ebola says @MSF Medecins Sans Frontieres http://t.co/g90plv4MNk #publichealth,,
0, ReGrann curves_gone_wild: #ebola #newstalk #interesting http://t.co/yr83cpt9dm,,
0, RT @makoto_au_japon: #Bitcoin donations accepted in fight against #Ebola http://t.co/qrdG8qMwAe #Africa #SierraLeone,,
1, Canada will donate up to 1000 experimental #Ebola vaccine doses to WHO http://t.co/wIEcIr13pG http://t.co/gVFpgzFPcX,,
0, G+ #ebola Ebola Scare: Two People Killed In Plateau Over Excessive Salt Usage\x0A---------------\x0AFollowing the ebola... http://t.co/DoQQWFIU6m,,
1, Additional support from #Finland to combat #Ebola in West Africa http://t.co/uJuzJtJpOj,,
1, the #ebola workers are the world's true heroes of the last two years \x0A\x0A(@thefullDANce is another),,
1, WHO: Even in dedicated #Ebola wards in W Africa personal protective equipment is often scarce or not being properly used,,
1, Aid officials in #SierraLeone say poor coordination mismanagement and inefficiency costs lives in fight vs #Ebola http://t.co/f8qI8UYIbd,,
1, #Ebola #vaccine advances to phase 2 trials; safe immunogenic in phase 1 trials researchers report http://t.co/EsBxQ85Biy,,
1, RT @Crof: CIDRAP: Surge in Guinea activity in Sierra Leone stall #Ebola decline http://t.co/af49rLTCdo,,
0, YTB #ebola http://t.co/quA6tSSJIS Ebola,,
0, Good I've been hollering for this from day 1 @DoctorYasmin: In NY Protections Offered for Med Wrkrs Fighting #Ebola http://t.co/nq0lUq4QC1,,
1, #ebola Liberia: New Ebola Patient Is Stable  http://t.co/eTDRqi0sg2,,
1, @nununc_app_pt  I HAVE FOUND A CURE To #EBOLA !!!                                       http://t.co/D00mruZv64,,
0, Ebola He Come #Ebola http://t.co/nkvkCTxRMK,,
0, What was that about #Ebola again? http://t.co/q5p3EKdXbC,,
1, Many in West Africa May Be Immune to #Ebola Virus http://t.co/FoKeh2XV8S via @karolinelien @nytimes,,
1, How much do you know about #ebola? Take the test\x0AJust 8 Questions\x0Ahttp://t.co/stkMzPCsVe,,
0, @Valeria_Lzno El #ebola salta a la capital petrolera de Nigeria con 60 casos en riesgo.\x0A\x0Ahttp://t.co/f89rtd3qvq,,
1, US Government publishes fact sheet about #ZMapp the anti- #Ebola drug.  http://t.co/vpKrpHYrsO,,
1, New #Ebola cases may be slowing in Sierra Leone WHO says. http://t.co/q9j2Uj44v1,,
1, For people who are worried about bringing back Americans from Africa who have #ebola remember no flight ban has been imposed 1/2,,
1, #Cuban doctor returns home after #Ebola treatment. http://t.co/nYXiyjpV29 http://t.co/LiW9zJKfsF,,
1, @Governor_LePage demands #KaciHickox take blood test for #ebola. @DrRichardBesser reminds us test is only reliable once person has symptoms,,
1, Please keep W. Africa in prayer as they continue to fight the Ebola virus http://t.co/pBNj8xNdUN #ujima #Ebola #prayforafrica,,
0, Well done Wall Street Journal @WSJ for highlighting #Ebola in this piece by @MSF_USA @MSF_uk. http://t.co/H6XeJaXN1v http://t.co/Q4uRWeJQrZ,,
0, North Korea's Odd Embrace With Western Rock http://t.co/HuagtKtFXJ #skynews #ebola #iphonewallpaper #hdwallpaper,,
1, How Australia has become the centre of an international storm over #Ebola: by Gemma Hunt Australia has become ... http://t.co/dYb8sNiH4y,,
1, RT @IMPACTTU: IMPACT donation to fight #Ebola http://t.co/hRVHXDck7N,,
1, #Ebola The Ebola crisis WHO and missing funds to fight the epidemic - Digital Journal http://t.co/JBQB2SjQO4,,
0, 23 June - news pouch on   #avianflu #avianinfluenza #Ebola #EbolaResponse #MERS http://t.co/1ksETThxud,,
1, Why #Liberia Needs Economic and Commercial Diplomacy In Post-#Ebola Era #Recovery http://t.co/QTFFqK7JJp,,
1, #MSF releases a critical analysis of the global #Ebola response one year into the deadliest outbreak in history: http://t.co/ELbIGkvUcT,,
0, .@SIMUSA's B Johnson: Many of those caring for Sacra are those he taught and mentored  #Ebola #CLTNews http://t.co/hm31gel8jf,,
0, Check out the weird way #climatechange could lead to new disease outbreaks around the world @washingtonpost http://t.co/5oFXaofNCH #Ebola,,
0, #Ebola #Newyearseve International efforts to curb illegal trade are not impacting Laos where criminal gangs a...  http://t.co/yuo7jDnijx,,
0, RT @MedicReS_Ebola: #Liberia #Ebola SitRep no. 131 - http://t.co/QocekOVaiS #GoogleAlerts,,
1, VIDEO: Ebola Could Spread To U.S. By End Of Month http://t.co/DsAcQLX0Em @321video #Ebola #Health #US,,
1, RT @Crof: US scientists see a long fight against #Ebola http://t.co/D3hEvmg3rT,,
1, @CDCtravel @CDCemergency asked @ dr office: have you travelled to w. Africa? have you come in contact with anyone with #Ebola?,,
1, @pasquet_mathieu All thanks to amazing #LocalWorkers fighting #Ebola in West Africa; they are the real heroes :-) #Times #PersonOfTheYear,,
1, G+ #ebola Rivers State releases N300million to fight Ebola in the state\x0ARivers State governor Rotimi Amaechi ... http://t.co/L963R7tuVB,,
1, #Brazil says it has identified a suspected #Ebola case who arrived in the country on Thursday.\x0A\x0AThe patient... http://t.co/ZhqTDRWtHl,,
1, New Tool Predicts #Ebola Infection Risk /  http://t.co/w7OIXbG0Ng,,
0, #ebolatheseries #doktork #ebola,,
0, Saturday's Newspaper Front Pages http://t.co/jFmzvbe4X2 #skynews #ebola #iphonewallpaper #hdwallpaper,,
1, Dr. Frias defends #ebola drug the #eboflip http://t.co/EFgJGLSQea @NeilMDavidson,,
1, Sierra Leone: Ebola patients escape spreads alarm http://t.co/HNijLSChgk via @News24 http://t.co/7Yp5c7mKCS #Ebola,,
0, #Ebola. Can not see me &amp; my family IJN.,,
1, @Elky305 Why would someone who was giving medical care to #ebola patients complain about being quarantined in US?,,
1, Liberia records Ebola death despite being declared virus-free http://t.co/UVmKPxEti6 #Ebola,,
1, Hunger kills more than #Ebola but its not considered a Significant Problem since Rich people Can't Die of it..,,
1, #SouthAfrica won't allow entry to non-citizens arriving from #Ebola-hit countries http://t.co/EI2Ocl0eCd,,
1, #Mali now #Ebola free health minister says after 42 days without a new case of the disease.     http://t.co/m0imaHCigQ,,
1, @MSGUBOT Dr. Frieden keeps LYING about #Ebola transmission: LOW possibility of spreading to U.S.,,
1, RT @AidinDanger: Great news on the #Ebola front! https://t.co/d8MejnEjRh,,
1, #Article - UN to hold emergency Ebola meeting: #Ebola #Afrika - The UN Security Council will hold ... http://t.co/Y8s8y2zd30 - #Articles,,
1, RT @AABB: Learn about ocular complications after #Ebola. http://t.co/tG3vM68mAU,,
1, Don't Panic About #Ebola Expert #MichaelSteuer Says - http://t.co/xDVB9fJewP,,
1, Hard hit against ebola http://t.co/ubNQ8mRaV5 #ebola #eboflip @sonia_smith,,
1, RT @CulturalXplorer: How do you decide when it's not safe enough to #travel somewhere? http://t.co/kxDnVLUNQo via @katieaune #ebola #ttot,,
1, With the #Ebola threat real allowing #African conference in #NYC is risky stupid &amp; wrong. @addthis,,
1, RT @263Chat: #Ebola Is Diagnosed in Texas First Case Found in the U.S. cc @HigherLifeFDN http://t.co/UFwKQ4pRB1 http://t.co/LJITTJwBhw,,
1, Just because it's not front page news doesn't mean it's not #important #ebola http://t.co/9BQeB3OWlF,,
1, RT @Donna4843: If the #UN can't get medical and food aid to #Gaza why on earth did anyone think they could in West Africa? #Ebola,,
0, FKR #ebola http://t.co/gkmBTc7Cl6 DIRECT_RELIEF_EBO_SHIP-7 http://t.co/fYJczZPdLR,,
0, @latebloomer4140 @egomaniakos Nobody to count them any more. They've run away! Also means numbers will come down. #Ebola,,
1, Un vaccin possible contre le virus Ebola\x0A#ebola \x0A http://t.co/P3wAX2Ik7F,,
1, #NEJM-Article: Proposed creation of a global #vaccine-development fund #ebola #ebolaresponse #NTDs http://t.co/TuDPF661XQ,,
1, #Ebola Deaths RISING!\x0A\x0AGuinea: 367\x0ASierra Leone: 298\x0ALiberia: 294\x0A\x0AArticle: http://t.co/hV4UfAf9bp\x0A\x0A#WeProvokeThought http://t.co/Ta3M9uOoVm,,
1, Pivotal #Ebola vaccine trials to start this month or next: @WHO http://t.co/P5rinz2hq8 via @reuters,,
1, MERS in South Korea: Will the Disease Spread Like Ebola Did in Africa? http://t.co/5hSBbBY2eY #Ebola,,
0, RT @YosuneVL: Por fin buenas noticias sobre el #Ebola  https://t.co/RNjRaQED5I,,
0, RT @KingGeorges1: Selon le MSF #Ebola serait deja dans beaucoup d'autres pays ouest Africains sans qu'ils ne le sachent actuellement.,,
1, RT @foxnewshealth: Nebraska hospital to receive 3rd #Ebola patient CDC says http://t.co/blHnOtRu2f http://t.co/Wg92v6au5Q,,
1, Dr. Expert - Ebola virus Has Adapted To Spread More Easily - http://t.co/TeVYYXgBPO #ebola,,
1, European Union supports Bavarian Nordic to cure #Ebola - http://t.co/SHXFLdtszr http://t.co/mPd223jjVX,,
0, @dylanolermo #ebola,,
1, Ebola ravages #SierraLeone capital: http://t.co/xluIswpDLx #AP #News #Ebola #Africa #EbolaO,,
1, Prof Ruth Macklin on #Ebola and responses: the justification is containment #OGHB15 http://t.co/W3TnHFs5i6,,
1, #Ebola vaccine: 100% efficacy so far http://t.co/HBaLCCyXxL #news,,
1, Swiss trial of Canadian #Ebola #vaccine suspended over side-effects http://t.co/1pPJfBwWA3,,
1, BBC News - #Gates Foundation is committing $50m to #Ebola response http://t.co/SYTqRLqf78 &lt;&lt; loose change..the guy is worth fucking $80bn!,,
1, @darlashine BREAKING:  76 CONFIRMED NEW Ebola cases JUNE 2015\x0Ahttp://t.co/0BBsVZU0v5\x0A#ebolaoutbreakmap #Ebola,,
1, #AInformarse: #Ebola provoca cierre total de escuelas en Nigeria. http://t.co/GcbvsJKiRR #Puebla,,
0, How smoke session bout to be because of #Ebola,,
1, @HuffingtonPost may the ban on #FGM long continue after the #Ebola has been eradicated,,
1, COL Mark Kortepeter MD MPH from @USUHSPAO now speaks about capturing safety &amp; efficacy data on a fairly new disease like #ebola. #MHSRS,,
0, RT @utahpublicradio: Farmers are hesitant to plant crops now. If they don't plant crops there's going to be a famine in addition to #ebola.,,
1, #EbolaInLiberia Update: Ellen mobilizes health workers. Challenges them to be more courageous in fighting #Ebola http://t.co/pXxkDGlCTw,,
1, @phumzileunwomen The #Ebola outbreak in West Africa is not over yet.\x0AWHO #EbolaResponse in action: supplies\x0Ahttp://t.co/6SGs6ui2T9,,
1, I think the world should use the same strategy used to fight #EBOLA to fight #ISIS. Simple as that!,,
1, RT @ledaofthepack: 'In 1976 I discovered Ebola now I fear an unimaginable tragedy' http://t.co/6noeyd18ya via @guardian #Ebola #worldhealth,,
1, @FoxNews stop scaring people with #Ebola and #ISIS,,
1, ITG #ebola http://t.co/glHb6MI7jz This CANT be Real #iphone #ebola #fake? by gman91189 http://t.co/ZZlFl7C7ZD,,
1, http://t.co/i9LrEu35Dg learn latest about Ebola as of August 23 2015 at 03:02PM. Stay healthy. #Ebola,,
1, I would also like to thank @StylianidesEU for the excellent collaboration regarding my report on #Ebola,,
1, @DanielDomnguez1 @WHO: Dr Kieny: Whole blood transfusion has already been used in some places but outcome data is not yet known. #Ebola,,
1, #Heatbreaking: #Ebola Claims Another #SierraLeone Doctor http://t.co/NqfiEe26QU #Africa #health,,
0, PRO/AH/EDR&gt; Plague animal - USA: (NM) multiple animals   http://t.co/gykVtvmLxe  #ebola #ebolaNinja,,
1, The report is a good contribution to help get the #Ebola narrative right so that it is not speculative but accurate,,
0, Garcinia afzelii kills ebola - http://t.co/YsXIKXfT51 #ebola,,
1, IS #Ebola coming to America? http://t.co/nRNuKHZNPE,,
1, Local Nurse Shares His Story On The Ebola Outbreak In West Africa http://t.co/foqWNkOzDc #Ebola,,
0, @onefmke @mungalambuvi @neominganga @wambuguaoriginal @victoroloo show inatisha kama #Ebola,,
1, RT Crof: As #Ebola rages poor planning thwarts efforts http://t.co/x37O67g774,,
0, #Ebola : stop it ! http://t.co/MBojcmznXK Top contributors today @gringo_loco @kitkat_kelly @adnan19_adnan,,
1, #EBOLA: RT @BrettMDecker: #Healthcare by #Hashtag: #Obama isn't worried about #Ebola in #US bc #Obamacare will... http://t.co/idFYMuS8kv,,
1, Do service today RT @frontlinepbs :Sierra LeoneFootballer took a job as an #Ebola centr hygienist: https://t.co/u6ZN62IVf2 via @okayafrica,,
1, @JulianSapp @KenIsaacs1 @MackayIM @DavidFisman @djm12 #Ebola can be deadly. physician approved info #Ebola at http://t.co/8Y5mwJ0Z9y. Plz RT,,
1, Is It Wise For #Obama To Send Thousands Of US #Troops Into The #Ebola #Death #Zone? http://t.co/q5TU4TDaLx via @sharethis,,
1, American who contracted Ebola discharged from hospital - http://t.co/LSLkiCaMNf #ebola,,
1, #Ebola 3rd most-searched terms in 2014 (http://t.co/qfSw85vHjC) So how do we fight #Fearbola? http://t.co/P0BkrQuU8o #health,,
0, RT @mike_ero: #ebola http://t.co/DiN3aC57zN,,
1, #Ebola: 'adapting has become second nature for those responding to a situation unprecedented in modern times' http://t.co/sZGsPztXH7,,
1, #Ebola: leaving children orphaned in Sierra Leone http://t.co/sQGKISxHLO via @unicef @savethechildren,,
1, Is there another way #Ebola can come to the U.S.? Read @newsweek. http://t.co/YagMlZe9Em http://t.co/bnZhgGlUuk,,
1, RT @Biowebspin: #Health What we know (and don't know) about #Ebola:\x0Ahttps://t.co/lzDrkhnUV8\x0Ahttp://t.co/l8PKcDYMKv,,
1, RT @temisol: Doctors Without Borders Sanitation Specialist gives account of working in #Ebola isolation zone http://t.co/USESIuC2bv,,
1, RT @Ebolatrends: Two children tested for #Ebola at #Melbourne's Royal Children's Hospital... http://t.co/YWGFeP9XlB http://t.co/fOvfRTq4Uk,,
1, Aid workers returning from #Ebola-affected WAfrica not traveling via JFK/Newark to avoid NY/NJ mandatory quarantines. http://t.co/wGfpsAS0hB,,
1, Please pray for all those in the world affected by the #ebola outbreak: http://t.co/MNM3QZDmvw,,
1, #Ebola questionnaire for intercity train travellers in Hong Kong http://t.co/KwcuLAwomE,,
1, US-built #Ebola treatment centers in #Liberia are nearly empty as outbreak fades.\x0A\x0ASuccess? or\x0AOverblownHype?\x0A\x0Ahttp://t.co/TV9nHDTrZv,,
1, RT @STForeignDesk: Number of #Ebola cases in West Africa nears 10000\x0Ahttp://t.co/Gc5Za06Dhi,,
1, Keeping #EBOLA patients alive is not as important as being gay. #US,,
1, RT @NimkoAli: Ok #Panorama any chance you can show those dying of #Ebola some respect. Some of the images are unnecessary.,,
0, @RedCross About #diseases:\x0A#Ebola: http://t.co/Xy5px0vhbs\x0A#ALS: http://t.co/rCiFV00VsE\x0A#MERS-CoV: http://t.co/nXRBHhxcd9,,
1, Scientist jokes about using genetically engineered virus like #Ebola to kill 25% of the population: #Youtube video http://t.co/fdslcsnMCh,,
1, RT vjmahon: RT Oxfam: The truth about #Ebola? World leaders must send more medics troops + money to help #EndEbola NOW ...,,
1, Glad to have one of my photos of #SierraLeone brought to life with this quote @savechildrenuk #Ebola #WorldHealthDay http://t.co/JPMXFyL1gN,,
0, @GaltsGultch @texasfreedom101 #EBOLA-Dr. Rima Replies to #Alternet #Censorship &amp; Disinformation http://t.co/k10yDJKTkv #nanosilver 10 ppm,,
1, Help #Liberia overcome #Ebola via #KriterionMonrovia http://t.co/n1UrfZXqLJ #StopEbola,,
1, @WorldBank pledges $200m to fight #Ebola in West #Africa \x0Ahttp://t.co/AJ9k6MNVJI @JoelOrleans @stanleyonyfm @sugar_rrb @iQuophi @iam_berima,,
1, With #Ebola #Marburg  no more #Hugs #Kisses and #Handshakes,,
1, Yes indeed @MaykeBriggs @AmeriCares let's all ignore #ebola it's on OUR doorsteps along with poverty poor nutrition. Good idea let's ignore,,
1, DRC government reports 13 new #Ebola deaths http://t.co/XWfXhy3DKr http://t.co/rFteEFyVaZ,,
1, After Discharging Dr.Craig Spencer from the Bellevue hospital in NY yesterdaythere is no known Ebola cases in the USA.\x0A#Ebola #USA,,
0, @chrisfharvey @MackayIM @Reuters_Health Why we need stress testing on HC infrastructure to identify all weakness before needed! #Ebola,,
1, RT @mikeuche: We don't want #EBOLA @dizzymbata http://t.co/1WhTpoeaq6,,
1, @PositivelyJoan #Ebola #GMO #Nutriton. Just curious-is there any link for the bio-tech GMO question? If true seems like human experiment.,,
1, RT @pexxie: Early #Ebola symptoms include fever headache body aches cough stomach pain vomiting and diarrhea\x0A#forwardnigeria_,,
1, #DallasEbola we sent people safely to the moon but we can't safely contain #Ebola in Dallas or clean it up! #unacceptableUSA!,,
1, #Ebola #EbolaOutbreak Guinea to expand use of experimental anti-Ebola drugs http://t.co/s3LJkF60nF,,
0, CEUX QUI APPELLENT #EBOLA DE TOUS LES VOEUX. LE GOUVERNEMENT RESPONSABLE D'ADO SOLUTIONS A FAIT UN COMMUNIQUE... http://t.co/sg6ra4CBcj,,
1, Avast! Sierra Leone quarantines 1 million to contain E  http://t.co/kxHR3lmLEo\x0A  #dramaticstep #ebola #ebolaoutbreak http://t.co/YO3IOCoXor,,
1, #Ebola Drug by Tekmira May Be Used on Infected Patients http://t.co/vLpw2HV3Zw,,
1, #Thailand - Intensification of #Ebola controls http://t.co/aPsfmxccXj by @BPbreakingnews,,
1, 100 rolls of plastic sheeting will be used to build #Ebola treatment centers in #Liberia. http://t.co/ZrFyglFDnu,,
1, Demand isolation (travel ban) of West Africa to stop spread of #Ebola allows concentrated medical focus in one spot. http://t.co/BMqsKkqsFC,,
0, G+ #ebola Ebola: Lagos Schools May Not Resume On September 22\x0AThe Federal Government had last week\x0Aannounced that... http://t.co/v8dANHkOMb,,
0, no u are not a hero\x0Ayou are just a dumb fuck attention whore\x0Athey don't want you there\x0Athey wanna die\x0A#ebola\x0A#liberia http://t.co/ma0h7MLHNr,,
1, Tekmira approves ebola treatment - http://t.co/3OBB29Gle0 #ebola,,
0, RT @Philajj: Haha nonsense RT @iam_JOESNACK Hahahaha So bathi Kaizer Chiefs don't wanna play CAF cause they scared of #Ebola Virus,,
1, #AskNacks #Ebola infected #YattaQuirre is walking by herself in Atlanta Leave town? State? Country? #EbolaInAtlanta,,
1, RT @IBMSocialBizCEE: IBM uses Mobile Analytics &amp; Cloud against #Ebola in #Africa #ibmcollab http://t.co/IhHZSJcHM8 http://t.co/Dmz362VezH,,
1, @BeaVaugrante  thanks - Sad to see so much talk and little action on fighting #Ebola,,
1, #Ebola Panel: Quarantine of Ebola health workers returning to US was mistake - Al Jazeera America http://t.co/PNgujqwzEr,,
1, CSIRO cuts research into infectious disease http://t.co/zACWYNtqCf #csiro #cutshurt #Auspol #Ebola,,
1, The race to deploy experimental #Ebola drugs http://t.co/sWPCJWPKlJ via @newvisionwire #Health,,
1, Global #Ebola update from @WHO: 23182 cases.. 9353 deaths,,
0, #Ebola: Primary &amp; Secondary Schools In Lagos To Resume Oct. 8th: The NUT and other bodies and individuals who ... http://t.co/0bSIzaeTNX,,
1, http://t.co/MQ6qmEeWTl learn latest about Ebola as of November 24 2014 at 04:03PM. Stay healthy. #Ebola,,
1, 10 Questions about #Ebola you are too embarrassed to ask http://t.co/8r3zZn8JFm,,
0, RT @Ayb5J: #Women in #Islam\x0A\x0Ahttp://t.co/JnvUX0Vdy9 #jesus #atheists #womenrights #sunvefc #ebola #auspol #burka #qanda #beer #twelveskip,,
1, RT: @OpenDataKosovo: How the #UN is using #opendata to tackle #Ebola http://t.co/6I9Hsz8hBU @OpenGovHub @usdatagov @UNDP_Kosovo #DataDays,,
1, G+ #ebola Ebola patient in Dallas turns critical no new U.S. cases\x0AA general view of Texas Health Presbyterian... http://t.co/KfAE3vMTey,,
0, Sign posted in Kaiser parking garage on way to main building. #Ebola http://t.co/uKhR9qN38q,,
1, U.S. #Ebola #survivors : Where are they now? http://t.co/OvcTjm1d7Q,,
1, World Response Cuts Ebola Cases to Just Five In Liberia http://t.co/xc1rEsYuLM #Ebola #Africa #virus @WHO http://t.co/x3GIGPB3R9,,
1, Everytime I read something about #Ebola and the governments emergency committee called Cobra I think of this http://t.co/4e4hg0iZVB,,
1, Panic. Depression. #Ebola outbreak takes physical - &amp; mental toll in parts of #SierraLeone http://t.co/l5qDG8vZ99 via @GdnDevelopment,,
1, G+ #ebola The Troubling Virus Called Ebola #Lifestyle #Ebola #HealthIsWealth http://t.co/4v6miaT1Gh... http://t.co/u3Fd7mxpDt,,
1, Dont miss the latest on Ebola in Africa on http://t.co/Y5vcarA8B7 http://t.co/DohI5Vqt5q #Ebola #ebolavirus,,
1, @PastorCNW BREAKING NEWS health care worker from West Africa has been brought to Omaha for Ebola treatment http://t.co/uGLRAnjviO #ebola,,
1, If America made it's resources available to W.Africa would the #Ebola outbreak be over?,,
1, RT @Barnzito1: This debate on biological warfare used against Africa is growing  #Ebola #Aids,,
0, #Italy #Ebola: #Turin #patient in #isolation tested positive for #malaria negative for ebola (L... http://t.co/mf5iBmtS9I,,
0, Remeber this regarding the #government #media and #ebola.,,
1, #Mumbai #Ebola suspect is stablehas no symptomsremains quarantined.Hospital is awaiting test reports @timesofindia http://t.co/N1OIIA2z80,,
1, @Taxtreats  #Ebola - Vote travel ban / quarantine needed http://t.co/g5bqdtvAwt,,
1, Breaking News: Bitter cola can cure #Ebola virus. Coming soon.\x0Ahttp://t.co/MfvfZdotxQ http://t.co/KloQH60zRx,,
0, @lclindeman #EBOLA !!,,
1, 2014 in Review: Learn why #Ebola outbreak in W. Africa is one of the most complex challenges ever to confront CDC: http://t.co/yzLX7ZTS4w,,
1, Liberia struggles to hunt down escaped #Ebola victims http://t.co/tCAO4DABL7,,
0, BA Engine Fire Pilot Criticises Passengers http://t.co/HuagtKtFXJ #skynews #ebola #iphonewallpaper #hdwallpaper,,
1, http://t.co/C4hpXqDt4S -  Ebola crisis highlights China&amp;#039;s philanthropic shortfall    #ebola,,
1, RT @ebolaradar: Woman monitored for contagious disease is not being tested for Ebola - http://t.co/SOivJnfXvG #ebola,,
1, #Ebola Ebola survivors in West Africa to share stories via mobile app to help fight   http://t.co/pzqWzjUyjO http://t.co/ihQXADFVc2,,
1, Online Homeland security: #Ebola virus disease: epidemiological update http://t.co/120gQ4YVct,,
0, Josephine Finda Sellu is a very brave woman. God bless her and all those showing the same courage and strength.#Ebola http://t.co/ECdaQgLxVc,,
1, A powerful plea @DataGov to focus on the basics. Do health centers in #Ebola affected countries have water? Electricity? basics! #data2015,,
1, We can't bring a marine home who made a wrong turn but I have a great idea! Lets bring #EBOLA patients home to be treated!  #dumb,,
1, RT @JNJGlobalHealth: ICYMI: Progress but a long ways to go for an #Ebola vaccine http://t.co/AtmCKi9SNJ via @nprGlobalHealth,,
0, UN agencies working as 'One'. @WHOSierraLeone wfp. #iphone #SierraLeone #Ebola https://t.co/jjfTSZoDeV,,
1, Thought you might be interested in our #Ebola awareness clowns @childrenlaughUK! http://t.co/dT3AjyVu15 comedy with a serious message.,,
0, Got #Ebola?\x0A-\x0AD\x0AO\x0AN\x0AT\x0A-G E T #Ebolavirus *- Guidelines: -\x0A&gt;&gt;&gt; http://t.co/On5xuVIBrz,,
0, RT @DWoehrl: Frisch gebloggt: #Ebola - Es gibt noch viel zu tun! http://t.co/0PBRa3mgIg #woehrlwideweb,,
1, #Ebola Warriors (RT Documentary) http://t.co/LtEuA5eqqf @rt_doc,,
0, In Liberia deciding what to do with an empty hospital is easier than not having enough http://t.co/hGz3iKuJUJ #Ebola http://t.co/xqEkN5Wx0Y,,
1, Here's the difference between #MERS and #Ebola http://t.co/YQTZSR5FJB via @TIMEHealth,,
1, who sierra leone: #Ebola in Sierra Leone - Warning - Level 3 Avoid Nonessential Travel - Travel ... http://t.co/a0DXO0uxrV #credit #car,,