0, MATCH REPORT : ES Tunis (#Tunisia) vs. Al Ahly (#Egypt) 1-2 (#CAFChampionsLeague Final) - http://t.co/9fMU19sW #football #soccer #africa
0, RT @Maliheh_: @monaeltahawy Female Journalist savagely  attacked in #cairo #egypt http://t.co/TIAQdv11
0, #egypt Aliens in syberia????? http://t.co/WnIKxkkE
0, Someone. RT @Nervana_1: Another question who will head the referendum committee now with 48 hours left before round 2 ? #Egypt
1, Proud to be Egyptian ...\x0A#fb #Tahrir #nov27 #Egypt
0, Per ogni sorpresina di oggi dobbiamo sempre ringraziare Tantawi per quella notte tragica in cui sciolse il parlamento per decreto. #Egypt
1, #Photography - Updates #Nov30 - Anti Muslim Brotherhood #protests all over #Egypt - #MB #Ikhwan #Morsi #19 http://t.co/HXZjlWoY
0, #egypt Fat black girl got spanked with a big cock lol http://t.co/IOd6P7nf
1, RT @ianinegypt: The scene now outside the presidential palace. #Egypt http://t.co/273V1Rbm
0, #egypt WTF!!! Is this for real?    http://t.co/APwLicAc
0, Egypt Salafists ordered off Coptic church land -- http://t.co/tnPFTAKE -- #Egypt #Salafist #Copt
1, Dec21: Translated #Egypt Clashes in Alexandria before the 2nd phase of the referendum for Egyptians http://t.co/wX3h51Gy
1, #Egypt protests against Morsi power grab are the first flower of the #ArabSpring - Shalom Cohen http://t.co/lbI2WgF7
0, @EyeOnCambodia but not #Egypt right #Obama ? not #Egypt who murders #Christians. no violation of human rights there eh ?
0, 'Abused' #Brotherhood has become the 'abuser': Psychiatrist http://t.co/mnotgVxW via @ahramonline #morsi #islamists #salafists #egypt
0, I miss summer #weather #sky #instaweather #instaweatherpro #outdoors #nature #el dokki #egypt #day #autumn # http://t.co/qGWa370z
0, Ibrahim Eissa will host #Hamdeen #Sabbahi tonight on Al Qahera wal Nas 10pm #Egypt
1, @ahmedm_ I say do what #Gaddafi did 40yrs ago. Take over state media. Then you have FULL control! #Tahrir #Egypt
0," TT @NileNewsChannel: #Greek President: """"#Israel is taking over #Egypt's #gas and #oil resources and the gov't isn't moving."""""""
0, I love #Egypt... But I hate more than 90% of Egyptians
0, #egypt islamist moron proudly presents items threatening egypt. book on christ cartridge alcohol. (pic: arabeyya) http://t.co/jXtEPCDy
1, Voting period extended to 9pm - due to high turnout says SEC (read lack of judges) #Egypt
0, RT @ShalandaWilkers: Flagman\x0AEgypt\x0AFuck #Flagman #Egypt and all other camel jockeys. Israel do not give In to these terrorists who only  ...
1, MT @koertdebeuf: #Baradei on CNN: We are ready for a national dialogue. First postpone referendum. No dialogue under Damoclese sword. #Egypt
0, #egypt No way.  She draws it can!!! http://t.co/nKwIT6Jh
1, #Egypt #Masr April 6 leader quits Constituent Assembly http://t.co/xhfubD4o #Sinai
1, RT @AntonyWahba: #protest #fireworks #laser #egypt at eti7adya palace http://t.co/XZnzcioM
0," #Safarkhan #Art #Egypt - November Exhibition - """"Vivid Memory"""" by Wael Darwish - 7 November- at 6:30 pm till 30 November http://t.co/AOoyD4ut"""
0, #Egypt 60s Footage: http://t.co/iqDpxKYh #wow #nostalgia
0, #egypt I love you so much for this... Hahaha http://t.co/4fK1Q3Wg
0, #egypt This can be semi f'n retarded http://t.co/0bmhhpNE
0, #egypt Little reason to celebrate South Sudan's first birthday http://t.co/1DJmLPLr
1, Muslim Brotherhood's HQ set ablaze other offices burned. Whoa. #Egypt #Ikhwan
1, Morsy is now talking about\x0Athe 3rd hand that created the presidential palace civil war #Egypt
0, Ankh from the British Museum #hieroglyphic #egypt #ankh http://t.co/yHO8f7sK
1, RT @Morsi_RT: RT:YasserMohamed2:1 http://t.co/OCfIIiAU #Islamist #Egypt #Morsi #Jan25 #6April #Tahrir #AUC #MuslimBrotherhood... http://t.co/1ejJ5CIP
0, #egypt wassssssuuuuuupppp people... wazzuppp... if ur horny watch this lol http://t.co/CaKtRMFs
0, RT @Habiba_ElSayed: Can't get over the view.. #Egypt http://t.co/hi5C2wim
0, RT @SumofMind: RT @SumofMind: SumofMind Archive: I was sexually harassed &amp; I've kept quiet. http://t.co/Aq3rkARE #Amman #Cairo #Egypt #Jordan #sexu ...
0, #egypt Is this serious   http://t.co/LSLf9Q3Z
0, #Egypt #Jan25 Jordan working hard to employ disabled workers http://t.co/Dgb1WANL #tahrir
0, #Sun of #Truth \x0A#usa\x0A#uk\x0A#jesus\x0A#moses\x0A#mohammad\x0A#abraham\x0A#egypt\x0A#saudi\x0A#uci\x0A#uconn\x0A#hindu\x0A#china\x0A#Australia\x0A#Europe \x0A http://t.co/z6Qx75BZ
0, #BBM pin:28CE4E45 #Add #MUFC #ManchesterUnited  #bbmshare #BBPINS #Egypt #Blackberrypins  #blackberrymessenger #Dubai #manchesterbbmpins
0, Sharm El Sheikh EGYPT Weather :: 32C Fair http://t.co/FnBDrGQ5 #Sharm #Egypt
0, riiiiiposo e cheese.Con #morsi polipo dietro. #itihadeya #egypt 1 ora fa.Palazzi circondato da #csf e #army http://t.co/i0VJS7w7
0, Alexandria EGYPT Weather :: 23C Fair http://t.co/kS4ZKGlf #Alexandria #Egypt
0, #egypt Giggling our rear end off ofhttp://bit.ly/POGyPh
0, #Egypt #Masr UK moves towards Syria opposition http://t.co/SNLgF1Uu #Sinai
0, Spanish court upholds decision to hand over Salem http://t.co/md9RnbOf  - #Spain #Egypt
0," #USA &amp; #RUSSIA IN """"PANIC MODE"""" - #FSA GAINS ON GROUND """"OUT PACING"""" ANY &amp; ALL DIPLOMACY!!! #Putin #Obama #EU #UK #Turkey #Lebanon #Egypt #US"""
0, RT Are the #Palestinianleadership &amp; #Overseasleadership of #Hamas on the same page over #Iran &amp; #Egypt? @MQMTelevision
0, @Real_Liam_Payne #AskLiam ok :) here we go ! Can you sometime go to #EGypt ?
0, RT @B3tha_Com: #B3tha #Egypt #UAE oxycodone liver toxicity buy tramadol: So glitters isn't just your antique w... http://t.co/gu97V4Yb #saudi #ksa #BHR
0, RT @Kamel__Moustafa: Did You notice tomorrow is the 1st of Safar 1434  Which makes it 1/2/34 ...Beat That 12/12/2012   #Egypt #Islam :D
0, #egypt I have two sons -this made me cry - http://t.co/O1qf9d9R
0, #egypt 2 MOST VISITED PLACED ON EARTH.. QUICK!!! http://t.co/WborHeIw
0, #Egypt Conditions for Cairo EG at 1:30 am EET http://t.co/mAkqcxCb #Egyweather
1, RT @EgyIndependent: Four Egyptian activists in Gaza injured by Israeli fire http://t.co/XGuRheuH #Convoys #Palestine #Egypt
0, #egypt This douche bag mousterbates to some pic of your alien lol http://t.co/v4kY9nbJ
0, Dob't remember this place x) \x0A#kuwait #q8 #egypt #london #lebanon #Syria #instapic #instaphoto #instamood #i http://t.co/mmPuICrO
0, Breaking: Central Bank governor resigns from post - News - Aswat Masriya http://t.co/h73CxBOD #Egypt
1, RT @MrSedky: Dear United States your bitch is our dictator \x0A#Morsi #Obama #egypt #Politics #Tahrir
0, #thedrivehome. Beautiful #sunset #Cairo #Egypt http://t.co/sgcuETXg
0, #egypt Again???? I can't believe this can be back again!   http://t.co/gkIrKIH1
0, RT @rachidH: Wasp ~ not on a date http://t.co/lLfIJBsF #Egypt #insects #RachidH #Nature #Photo
0, #B3tha #Egypt #UAE That Were The children Try Ok Following Study: Buying NFL Football jerseys S... http://t.co/9guQW3yh #saudi #ksa #BHR
0, Chilling on the beach after class #Egypt #Alexandria #Beach #Sunshine #Sand #Relax #Arabic #Egyptian http://t.co/MvTDpfYG
1, #CAIRO  is a contagion for lethargy and political conundrums. #EgyConstitution #Egypt
0, A Must Read #Egypt! https://t.co/MjCF5Q5P
0, US calling on #Egypt to sway #Palestinians to end hostilities official says http://t.co/hN6YZDQ0 #GazaUnderAttack
1, #tahrir just awes me. Up with horizontal organization.  Down with greed and tyranny. I love #Egypt #watchingandlearning
0, RT @pitapolicy: #Egypt must not forget about street children writes @MaiE_89 http://t.co/GxOdNzrG via @LamaMaksosa @HRI_gtownlaw #poverty
0, Your Girls needs some spoiling. ;) #Furniture #Offer #Egypt #Cairo http://t.co/o1il8tat
1," !!!! """"@DioscorusBoles Yes to the constitution for the sake of divine paedophilia. #Egypt"""
0, Nothing makes me happier than a packed Arrivals hall at Cairo International airport. #tourism #Egypt #backontopbitches
1," -_- and the cycle starts anew """"@DaliaEzzat_: Imminent decree to give Morsi more power over Central Bank http://t.co/O8oAGFym #Egypt"""
1, RT:shoker_zoro:help the egyption revolutionaries by puplish the facts about the #Muslim_Brotherhood terrorist #egypt http://t.co/CF8zha5U
1, Crunch time for #Egypt's President Morsy. Israel's #Gaza offensive huge test of MB values realpolitik
0, RT @nfm: Interesting read by @jnjcasper about Upper #Egypt - A Home with No Husbands: A Glimpse at Internal Egyptian Migration http://t. ...
1, Question: what do the bastard heathen secularists in Tahrir do on their break? Dance? #Egypt
, Don't be silent over abuse of women in #Egypt http://t.co/v7yuELts
1, This is what post-revolution #Egypt looks like http://t.co/Xi5sj61q v @SultanAlQassemi
0, #egypt Now this  is truly f'n insane! http://t.co/z75syWpE
1, RT @iyad_elbaghdadi: I think the referendum's threshold must be at least two-thirds (67%) or even higher. #Egypt
1, #SOS #Egypt #UN #UK MN.3\x0A#Bahrain - #Sitra : #video to the march in solidarity w/ the detained doctors  - 31/oct... http://t.co/XT59QBs8
1, The Constitution is never being written by the majority . It is the contract to keep the rights of the minority . #Egypt
0, RT @EgyptShuhada15: Martyr: Karim Ahmed Jamil Age 25 Died in   Police Station of dar El salam ... Diploma of craft work #Egypt #jan25
0, Syria violence ends hope for Eid truce  #Egypt
1, #Egypt #Jan25 Kuwaitis vote after mass protest http://t.co/XuygJ4rg #masr
1, The regimes post-Revolution MUST make an effort to eliminate sectarianism and be inclusive of EVERYONE or they will fail #Syria #Egypt
0, Are you man enough? Men on both sides of fight against harassment\x0A http://t.co/D7GEbq4h #Egypt #EndSH #Cairo @EgyIndependent
1," Islamists still outside presidential palace #Cairo chanting """"people want to implement Shariah"""" and """" #Morsi you have men behind you"""" #Egypt"""
1, Should not rush a new #Consitution #Egypt #Democracy http://t.co/fJjvy3qe
1, @Nervana_1 @SaraAssaf isnt he an elected president?? #Egypt
1, RT @abeerallamj: Morsi's is striking a more humble tone a far cry from his speech to his ikhwan in the palace. #egypt
1, RT:YasserMohamed2:http://t.co/Mv41geNJ #Islamist #Egypt #Morsi #Jan25 #6April #Tahrir #AUC #GUC #MB... http://t.co/CbQF5elU
1," #BBC #Egypt Army issues statement warning that it will intervene to prevent """"dark tunnel"""". http://t.co/HcyfvIW6"""
0," #Egypt #Jan25 """"""""        """""""" - '''' http://t.co/QNKfb2Lf"""
1, #Tunisia if new constitution really permits #atheist expression that will be more freedom than in #Iran #Pakistan #RSA #Egypt &amp;...#Texas
1, @YourAnonWeed new dictatorship in #Egypt under ruling Freedom Justice Party political face of Muslim Brotherhood (ikhwan)
1, @EgyIndependent Oh #Egypt is back to military courts trying civilians then? Mubarak revisited.
0," RT @SaraShabana: """"@mebwini: #JoGamingSummit jordan gaming summit 2012 just started #jo #games #ksa #egypt http://t.co/tXZUql8I"""""""
0, #egypt last time I heard that I laughed so hard I fell off my dinosaur. http://t.co/08YDy0vN
1, #Egypt #Masr Egyptian expats to start voting on constitution Wednesday http://t.co/cUIJvoeU #Sinai
0, Obama recognizing the importance of #entrepreneurship in #MENA #Egypt #debate
1, @Ikhwanweb Mubarak was sentenced 25yr in prison based on his knowledge of events &amp; lack of action to prevent deaths. Where is #Morsi? #Egypt
0, RT @rawyarageh: ElBaradei Moussa Sabbahi in press conf tgthr #Egypt http://t.co/zLQZDRhL
0, RT @KarShaf: Groppi was born in Rovio Swiss in 1863. He boarded a ship for #Egypt in early 1880s a country full of opportunity http:// ...
1, #Egypt is flooded with wise leaders! Isn't it time for them to fill in the middle wide and exhausting black hole and lighten it up? Waiting
1, #Egypt Live: Pastor turns a church near #Tahrir into a field hospital says police firing teargas http://t.co/wyZgso7M
0," #WOW """"The end of a thousand myths: Remembering the #Maspero massacre"""" #Egypt  http://t.co/C9vDd5VZ by @sarahcarr"""
0," RT @monaeltahawy: Our esteemed Salafi ex-MP known for """"indecent sexual acts"""" in a car w/16yr old and who now supports #Egypt porn ban ht ..."""
1, RT @SvenTrueNorth: The world's eyes are on #Egypt in the lead-up to tomorrow's constitutional #referendum. #Peace #globalpolitics #canpoli http://t.co/sMzHjO8c
0, RT @etribune: (World) #Australia urged to ban cattle exports to #Egypt http://t.co/bU6Hpu2r
1, RT @Nervana_1: MT @MarietjeD66: The #EU rightfully changed its policies towards #Egypt and should stand with the universal rights of peo ...
1, #Egypt #Masr Egyptians stage mass anti-Morsi rally http://t.co/IEZPNutU #Sinai
1, RT @DailyNewsEgypt: Thousand of demonstrators in front of the presidential palace singing the national anthem. #Dec4 #Egypt #DNE via @ ...
0, So- anything interesting going on in #Egypt today?                                                 Haha- jk.
1, MT @AFPTV_en Clashes in Cairo as #Egypt plunges deeper into crisis http://t.co/vTVScWUH  #AFP #video
0, @josh_mcdowell #Egypt our country
0, Shit happens....Especially in #Egypt!!
1, RT @rightnowio_feed: Demonstrations surrounded the presidential palace against... http://t.co/gc2RAdb7 #Tahrir #Cairo #Egypt #Morsi #Ikh ...
1, You can't hear us Mr President? You will see us soon! #AUC #MarchToMorsi #Tuesday #Egypt
1, RT @matthewjbell: Must have been quite the sight at #Egypt presidential palace in #Cairo tonight. http://t.co/DcyIhB7F
0, My mom. A long time ago. #Egypt . A #Time #Travel #adventure. http://t.co/7youE5TX
0, RT @Yallabreak: FOLLOW our NEW Baby @YScoreboard new updates on the way! #FoodiesinTheHouse #Reviews #Egypt #Yallabreak
0, #Egypt to receive $6.3 bn in 'support' from #EU: Presidency  http://t.co/H7bwbtbx via @ahramonline
0, #egypt Lord that is sexy! http://t.co/VY1DaE1h
0, #egypt Matt received Quit out of class with regard to publishing StacyIs photos http://t.co/3nVm400u
1, http://t.co/0o9uvgyE the first info website for the arab spring youth http://t.co/nVHpITbt  #46432 #egypt #tahrir #Bahrain #Syria
1, RT @LOrion: RT @Syrian_MAJOR: #Syria will not go offline we v prepared for this since we saw what happened 2 #Egypt. Rev media centers  ...
1, #Egypt #Masr Israel hammers Hamas in Gaza offensive http://t.co/ono1QJLs #Sinai
1, @baradei why dont you respect the poles. The poles are made for the people to decide wheather the constitution is good or bad #egypt #news
0, #Egypt mulls arming Sinai Bedouin security force http://t.co/JJs1m9vc
0," +10000 """"@adamakary: #Azza the best ice cream in #Alexandria. #Egypt #icecream #Bahary #vanilla #awesome http://t.co/OloNhzYy"""""""
1, #Egypt Salafi Front to establish new political party called 'The People' to promote Islamist interests http://t.co/R3yeo03n via @ahramonline
0, @TripleM @2mavin when did you go back to #egypt!!!!! welcome back!
1, RT @iMenna29: Yes the #MB have militias yes they are trained. Yes they don't care about #Egyptian blood. Old news to me. #facts #Egypt
0, RT @EgyptShuhada15: Martyr: Mostafa Abdullah Abdul-Wahhab Age 51 Died in  #Suez On Jan28 by  Gunshot .../  #Egypt #jan25
1, Weak arguments. People f ear a return to autocracy. replace the PG but articles 2 and 6 no! #Egypt #mursi http://t.co/r9UitYXI
0, @Harry_Styles When are ya gonna visit #Egypt ??
1, RT @ghazalairshad: Dostoor Party security lined up in anticipation of Baradei's arrival in Tahrir any moment now #Egypt http://t.co/sjh4k5CT
0, #egypt Absolutely no way.  She draws it can!!! http://t.co/EScSDhOO
1, RT @yonkersoem40: Fresh clashes erupt in #Egypt over President #Morsy decree. http://t.co/HCXiCBwT via cnn
0, #Egypt \x0AGovernment launches PPP project to build 3 ports in Qena Assiut and Sohag
1, #Hamas #Meshaal says #Israel must stop war first &amp; accept #Hamas conditions including lifting blockade #Gaza #Egypt #Gazaunderattack
1," ppl who r chanting """"Islamya Islamya"""" u know nothing about Islam!U should b chanting """"erhabeya erhabeya"""" 4 u r bunch of terrorists #egypt"""
1, Clashes outside #Egypt presidential palace in Cairo http://t.co/GhD4dK8q
1, Media accreditation is a mess! So much trouble to get in. #egypt #referendum
1, RT @jp966: RT @xarabic: #Egypt Republican Guard says demonstrators must evacuate area around presidential palace by 3 pm , via @lbci_news_en
1, It was the calm before the storm  now here is the storm #egypt
0, #egypt That is totally f'cked upwards. http://t.co/DjZai6aV
1, RT @ashrafkhalil: There are two different #tahrir prayer groupings following different imams at different paces. Interesting.....#egypt
1, #Egypt #Masr Senior US State Department officials removed http://t.co/B5Qw1zdW #Sinai
1, If only we knew how to fix every problem #Egypt #Morsi #fuckoff
0, #Microsoft #Windows 8 #Launch Event #Live #Blogging Via @Texnomic http://t.co/I6mx9nvw #Win8Egypt #Egypt #Windows8
0, #egypt How's this done?   http://t.co/G4mr61YB
1, @AMaheer Probably the reason #Egypt  #Morsi  #MB  and many other hashtags are not trending on twitter.:(
0, Good news. RT @ahramonline #Egypt's #Internet users increase by 30 pct #Facebook users reach 12 mln: Report http://t.co/auL0a6a5
1," RT @WLUML: """"Fighting Back-Reclaiming The 'Public"""" for our #16Days Blog by @NihalSaad #EndSH #VAW #Egypt #Harassment #Feminism http://t.co/Z1xB6iTN"""
0, Ship carrying Iranian weapons money seized offshore of Yemen http://t.co/R6cmCJcP #Iran #Arab #BBC #Yemen #GCC #Canada #CNN #Egypt
1, @kalnaga National outrage of the bloodshed of peaceful Egyptians opposing a dictator one more time. #Morsi must be court marshaled.\x0A#Egypt
1, RT @itsbeco: #Egypt #VoteNo  #VoteNo #VoteNo #VoteNo #VoteNo #VoteNo  #VoteNo  #VoteNo #VoteNo #VoteNo #VoteNo #VoteNo  #VoteNo  #VoteNo #VoteNo #VoteNo
1, #Egypt #Jan25 Two police officers assault a leading Jan 25 revolution activist: NAC http://t.co/ZFPNZ0WI #tahrir
0, #B3tha #Egypt #UAE Premarin prescription cost: Buy generic Premarin online Premarin is a mi... Buy premarin Online&gt; http://t.co/rDOTM4aa
1, #Alarabiya #Egypt #Palestine Sudan-Iran ties eyed as Israel says Khartoum aids Gaza arms smuggling via Egypt http://t.co/8vFqUsdX
0, Samar Dahmash @Arabvoicesspeak will be live now on @ONTVeg check here to watch http://t.co/MquZw1ih #Egypt #Jo #Jordan #USA #US
0, #egypt I find myself paying more hours about sexual intercourse sites these days?  Is a problem beside me? http://t.co/smFjq1I6
0, #Egypt #Jan25 Merkel to defend austerity cuts in Portugal http://t.co/zoSOnf3i #masr
0, FIFA Ranking (Africa) http://t.co/v5GVXNRg #ivorycoast #algeria #mali #ghana #zambia #egypt #tunisia #centralafrican #gabon #nigeria
1, #Egypt #Tahrir #scaf http://t.co/acoUE719
0, I don't get it we are in mid of november and still its nowhere close of getting cold any time soon #egypt #weather #winter #morsydamnyou
1, #Egypt Arrests within days for opposition .. back to mubarak days but in religious form http://t.co/hwY8USHA http://t.co/VcMUBm7z
0, #sky #Cloud #Weather #Now #Thismoment #chase #rainwall #Rain #comeing #huge #sea #Aboker #Alexandria #Egypt http://t.co/fC5VZ7R4
1, RT @johnhgeorge79: so proud of the people of Egypt fighting for freedom and against tyranny.  #Egypt
1, RT @nytjim: More #Egypt: Tanks deployed at presidential palace; barbed wire strung to separate protesters &amp; Islamists. http://t.co/f ...
1, RT @StandforIslam: The just rule of the rightly guided Umar (ra) \x0A\x0Ahttp://t.co/ekc3ifXr\x0A#Egypt #Syria #Palestine #Pakistan #Indonesia #Y ...
1, RT @FBNPC #AlQaeda has been desimated.Except in #Benghazi #Iran #Egypt #SaudiArabia #Africa #Libya #Iraq #Pakistan #Afghanistan.#lnyhbt #OMG
0, After the camel in the balcony here's a camel in the parking lot. #Egypt\x0AVia @fa2esko: http://t.co/0LaZJArO\x0ACC: @alaa
0, #egypt Anyone ever before make this happen?   http://t.co/Bc7m2uHw
1," """"'This Is Just the Beginning': A Bloody Night With #Egypt's Protesters"""" - The Atlantic http://t.co/8OzrFxoc"""
1, RT @Beltrew: #Egypt's historic 561 person convoy to #Gaza ends in the Mohamed Mahmoud clashes. Literally.
1, RT @washinstitute: Lawlessness in #Egypt's #Sinai feeds #Gaza conflict - Yaari http://t.co/Tqp5TgiW
0, http://t.co/xivdoyfo (Legend Of Hentai (Bible Black #kuwait #saudi #syria #sex #ksa #egypt #bahrain http://t.co/jdDVy9pP
0, Egypt must keep outlook policy steady for IMF loan review - Reuters http://t.co/zvMr0F0D #Egypt
1, #Egypt #Jan25 Death toll jumps in Gaza conflict http://t.co/aYVZBvc2 #masr
1, Wonderful AP photo from yesterday's protests in Cairo: http://t.co/gc2RAdb7 #Tahrir #Cairo #Egypt #Morsi #Ikhwan #MB via @kshaheen
1, RT @Gsquare86: The second half of voting day will probably have more violations be vigilant and don't give up #Egypt
1, RT @MarkhNYC: RT Discarded uniforms of police officers who have walked off the job to join protesters in #Egypt. WOW! http://t.co/t241Jb ...
1, #Egypt #Jan25 Israeli gunfire but the truce holds tight as soldiers injure Gaza teen http://t.co/yPqFfnSB #tahrir
1, RT @VOA_News: Egyptian Opposition Rejects Dialogue with Morsi http://t.co/NMajn1HJ #Egypt
1, More people  than expected at pro Morsy rally in Cairo. FJP senior leading member Mohamed Beltagi speaking now #egypt
0, Slides! #egypt #missthem #sunburn #bestholiday http://t.co/CNIwGdjE
1, RT:AshrafHamdi:Your Expiry date has just expired before your Expiry date #Morsi #Morsy #Egypt #MB #MuslimBrotherhood http://t.co/MFh4K9Zn
1, RT @rbecker51: If a court (or anyone else for that matter) cannot review or overturn a presidential decree what's that called? #Egypt #Dictatorship #Still
1, Thousands rally in Cairo against constitution http://t.co/DtzpnzlS via @AJEnglish #egypt #freedom #rights #constitution
1, RT @AnonOpsSweden: Thousands rally in Cairo after controversial draft constitution is rushed through: http://t.co/HiCtTmH3 #Egypt By @SameralAtrush
1," """"@Carina_bn: First military arrests now this: #Morsi announces major changes to laws governing Central Bank http://t.co/2TVFbOqt #Egypt"""""""
1," The citizens in #Egypt aren't only """"protesting against Morsi"""" dear MSM. They are protesting because Muslim Brotherhood stole the revolution"""
1, He has supported anti-government demonstrators in a country friendly to the United States. #ObamaInjuries #Egypt http://t.co/ri6PiLFH
1, Lisrening to Mohamed Gohar i cant help but draw parallels to accounts ive read on Nazi raids during ww2.  #Maspero #scaf #Egypt
1," """"@Liberationtech: #Egypt Activists Use Social Media to Coordinate #Gaza Solidarity Trip http://t.co/Se7nIEnM"""" @meridianionline"""
0, #Israel's Pres Peres receives credentials of #Egypt's new Ambassador to Israel H.E. Mr. Atef Mohamed SALEM SAYED ELAHL. http://t.co/pes6u6K7
0, #egypt Lmao this made me laugh. http://t.co/sFijHdRe
0, #Syria is crying for help and nobody is listening. @ajenglish @bbc #Aleppo #Homs #Turkey #Saudi #DeirEzzor #Idlib @WashingtonPost #Egypt
0, #egypt This made me cry a little because it's sadly true.. http://t.co/rPRVqvNy
1, #Egypt #Masr Update: FJP sees Administrative Court decision as 'chance for dialogue' http://t.co/qlsikfcs #Sinai
1, The #Egyptians have occupied #Gaza http://t.co/g14GKWHa #Gaza  #Israel
0, #egypt I love you so much for this tweet http://t.co/QonFMKNp
1, LOL\x0AEgypt's Mohammed Morsi gives himself top marks , News , Africa , Mail &amp; Guardian http://t.co/EYGoEBrn \x0A#egypt #morsi
1, RT @CarlosLatuff: #Cartoon - #Egypt under #MB new constitution - @MuhammadMorsi http://t.co/ooPpPOUw
1, RT @RSF_RWB: #Egypt -  President's supporters deliberately fire on journalists covering clashes http://t.co/E6FcUeCo
1, #Egypt #Masr Violence spreads outside of capital http://t.co/0lCw6jS4 #Sinai
0, #Egypt #Masr Saudi slips up as global economy worsens http://t.co/WSH7hher #Sinai
0, Picture perfect: Alabaster Mosque Cairo http://t.co/a7rZRNfX #gay #travel #Egypt
1, @Maenkhouseh it the time of trust and patience #Egypt has waited 30 years on Mubarak give the man time at least until the parliament come
0, RT @Momen_Saeed: Storm #band from #Tunis #Egypt #Singer #music #Stormband #Alex http://t.co/cVWdEDQs http://t.co/bSOHxQpx
0, #Germany delays #Egypt debt relief amid dictatorship fears http://t.co/a3NOxgDx
0, @dandurse I'm feeling a little break away next month pal. Ring me to hear mi theory. Me nd mask r on it #egypt
0, RT @HafeedAlfarook: Shia Ideology - The origin Of Shiism\x0Ahttp://t.co/9droGV4P\x0A#Bahrain #Saudi #Kuwait #Qatar #UAE #Oman #Egypt #Arabspri ...
0, The media in #Egypt: Television wars , The Economist http://t.co/OalEH7TT
0, Ice Belt I Got In Egypt! #Ice #Belt #Egypt #Sharm #ReefOasisBlueBay #Pink #Black #Smelly #LikeForLike #Like4 http://t.co/IryQX2Ui
0, #Egypt to probe #Tantawi over court budget  http://t.co/6JB3XGOz
0, RT @EgyIndependent: Military spokesperson announces Air Force exercises http://t.co/xikRkr1Y #AirForce #EgyMilitary #Egypt
1, Rallies in Cairo as president receives new constitution http://t.co/R5DL9urA #topnews #egypt
0, #egypt PHOTOS/ 20 MUST-SEE CONCERT MOVIES! http://t.co/o2TfhW7O
0, How desperate people can be for sth to believe in &amp; how far they're willing to go in defense of these beliefs once they find them.. #Egypt
0, RT @EgyIndependent: PM: Govt preparing law for stricter sexual harassment penalties http://t.co/aASogdIR #Egypt #EndSH
0, #Egypt #jan25 Obama's odds of reelection on Intrade betting site have risen in course of debate... http://t.co/nhx1Ut6n #tahrir #Egitto3000
1, #USA don't support a regime that kills its people in the name of religion. #Egypt #Tahrir
1, #Egypt #Tahrir #scaf http://t.co/PokF38N2
0, 1890 Israelis enter #Egypt after the attacks on #Gaza
0," Obama's buddy concurs publicly with killing """"the Jews"""" http://t.co/BiaIHvko  #tcot #obama #Israel #Egypt #islam #muslim"""
0, #egypt Geez... Is for real?  http://t.co/XmRSFXXb
0, State Department Spokeswoman Victoria Nuland is expected to discuss the situations in #Egypt and #Syria. Watch live on http://t.co/bgTGmnmU
1," #Egypt: """"I have serious doubts as to whether Morsi is in control of the presidency...the presidency has been hijacked."""" http://t.co/mH8EJ7ST"""
1," #Egypt has the potential of becoming an """"India"""" by splitting into 2 or 3 states along ethnic/religious lines with mass internal displacement"""
1," """"From Cairo ... This is Damascus!""""\x0A#Syria #Cairo #Egypt #Damascus #Solidarity: """"From Cairo ... This is Damascus!""""\x0A#Syria #Cairo #Egyp..."""
1, RT @hammametsou: So what did the Egyptians really vote for?  http://t.co/T3i7b63n via @ahramonline #Egypt
0, http://t.co/SUbMcOK1 Ass Parade http://t.co/w3zX73jY #kuwait #saudi #sandy #sex #ksa #egypt #bahrain
0, RT @AhramOnlineArts: #Egypt Underground musicians leave negotiation table soured - by @Rouelshimi http://t.co/4rGhejRK  via @ahramonline ...
0, People should listen as much as they talk. #Egypt
0, #Egypt EU aid $6.4 billion.$4.5 billion loan is on way from IMF. U.S. is committed to $2 billion a year. Has way less power then it thinks..
1, Analysis: #Egypt proves #peace role can survive #Arab Spring http://t.co/K8WsWgn6 @Reuters
1, The coward politicians of the West are condoning the massacre of people in #Tahrir Square in #Egypt. This is appeasement by silence. Shame.
0, http://t.co/JjoFX6qP Karen Cheerleader Humiliated #kuwait #saudi #syria #sex #ksa #egypt #bahrain http://t.co/GOIr2oHB
0, @JamesMcShane87 @dazmann04 @perrymarvan now about to pick troll up!! #Egypt cum'on slag!!!! X
1, Either Morsi thugs will put you down or the Military will #Cairo #Egypt. Fight if you dare and do the #Syria tango
0, RT @AElMassry: #Egypt court: preacher #KhaledAbdullah banned from broadcasting for 25 days http://t.co/BspX6xzj should have been 25years sheeesh
0, #egypt Where performs this go?   http://t.co/iFpW1mPj
1, #Egypt referendum RT @nsoliman: Designing a #VoteNo flyer. Need printing houses to print for free - tomorrow! Please help. Please RT.
0, #Morning Tweepes . Rabena Yostor 3ala Today #Egypt #Morsy
0, #Egypt #Masr Official promise fails to halt China protests http://t.co/Oj8s9Qgj #Jan25
1, and assuming you stay in power after all of this how can you face the people? how can you believe you're legitimate? #morsi #egypt
0, I think #Egypt better take care of their transportation rather than the porn sites wala eh !?
0, RT @JoeKaldas: I love my country. #Egypt
1, Dictatorship 2.0. Fuck this is depressing :( #Morsi #Egypt
0, #Egypt #Jan25 Israeli Foreign Minister Lieberman Resigns http://t.co/sSph3qjb #masr
1, Not one person in the constituent assembly is even remotely close to representing what I'm about. #Egypt
0, RT @Brian_Casserly: I'm praying for peace in @Israel but Lord if it is war....please let them BEAT THE BRAKES off of #Egypt &amp; #Syria.
0, #Egypt #Jan25 Clashes between Lebanese army and Syrian rebels break out at the border http://t.co/0Q0qWYv3 #tahrir
0, In #EGYPT the attitude toward the US has grown more hostile despite our support for the #Muslimbrotherhood.  #LynnDebate
0, #egypt Damn * this is the reason I personally don't like women http://t.co/lhPkhfYG http://t.co/tiUt8LdK
0, #egypt My partner and i cant f'n believe it!  http://t.co/9tNUFS2L
0, RT @saharazizlaw: I Just Returned From an Inspiring Trip to #Egypt http://t.co/uRuIv4ca @EARLAEgypt @mmabrouk @Elgindy_
1, RT @rhreid: AP News - #Egypt asks #IMF to delay loan due to turmoil http://t.co/RtqU9ano
1, @Priapus_D #Morsi in #Egypt - in my opinion - is becoming a dictator \x0A#marijuana #peace #democracy @gothp
0, #egypt He leaked britney spears's toe for 15k rofl http://t.co/LF6IU6QX
0," Irish Saying: """"Do not mistake a goats beard for a fine stallion's tail"""" replace goat with #Ikhwan #egypt #iran  \x0AShout for MENA"""
0, #people #me #friends #tatto #egypt #illuminati #freemason #wallpaper #instanesia #iphonesia #instaworld http://t.co/vqo1shQR
1, Away from #Egypt's protests the worries mount: http://t.co/TVNxlGmg , #Cairo #Islamist #darkness #secularists
1, @NabilaRamdani \x0A\x0ADemocratic significance= yes. Revolution? Positive development for #Egypt under #morsi / MB? Not a chance
1, RT @Cairo67Unedited: No dictatorship here! #ElBaradei Sabbahi&amp;others to be investigated4 'espionage' #Egypt Independent http://t.co/iW1ngD6z via @egyindependent
1, #Egypt #Jan25 Egypt dialogue members recommended new decree by president http://t.co/EnYiJo6q #tahrir
1, RT @seldeeb: AP News - #Egypt president decrees pardon for protesters http://t.co/pNB2uW97
0, Tomb of Ancient Egyptian Princess Discovered in Unusual Spot\x0A#archaeology #egyptology #ancient #egypt\x0Ahttp://t.co/LFtoBkeF
0, when will the #twitter community in #egypt head to the street and connect with people?!
0, #egypt SHE DIDN'T EVEN SAY ANYTHING SHE JUST LOOKED AT ME AND IGNORED IT I LAUGHED SO HARD http://t.co/1UUpo494
0, #egypt this made me cry http://t.co/KiU1IEIE
1, RT @StribOpinion: Commentary: #Christians secularists and women have been excluded from a revolution in #Egypt they helped create. http ...
0, #Pinterest board updated. $DE $WMT $TGT $AMZN #Egypt http://t.co/d6btCn1G
1, #Egypt #Masr Sit-ins continue outside Egypt's presidential palace http://t.co/YP001h6R #Sinai
0, RT @Maria_khalil: I miss the old #Egypt .. Menak lelah ya #Morsy elkalb!
1, South African constitution has several clauses (incl outlawing death penalty) that prolly wouldn't pass a referendum. #justathought #egypt
1, Egyptian court stops work to protest Morsi move http://t.co/ovP259ks via @CBSNews #poli #Egypt #uspoli
1, Ikhwan say there were Copts in the pro-democracy protests - yeah and there were Islamists with the bad side. #Egypt
0, New poll puts president approval rating at 78 percent\x0A http://t.co/kIMWCjoF #Egypt #Morsi
0, #egypt Omg! This made me cry /3 I'm praying for you Christian. Get well soon ;** http://t.co/IHMamqtq
0, #Cleric warns #Egypt may lose $20 bln #Qatari investments if people vote against #constitution - TANDEM POST http://t.co/lTMO5NJY
1, Unconfirmed as of now. RT @Beltrew Names of those killed tonight outside presidential palace RT @hahellyer #EmadEffat #MyrnaEmad #RIP #Egypt
0, Photo near pres. Palace RT @moneloky: This is epic . This is #Egypt . http://t.co/gBNEP0OO
0, #egypt So Romney supporters are resorting to stunts now this is crazy lol.. http://t.co/WN8o8aN5
1, RT @KareemLailah: Aljazeera correspondent is reporting clashes in #Tahrir now. #Cairo #Egypt
1, Morsi: I will not allow murder. Ok so stop committing it then. #Egypt
1, Critics wonder if Morsy is #egypt's next strongman http://t.co/psdjUgim #middle_east
1, Masked gunmen attack opposition protesters as crowds gather for rallies in #Egypt #Tahrir -:- http://t.co/62YZpfJN
1, RT @AJELive: In a speech to Azhar preachers on the occasion of the Eid #Egypt's Morsi called on #Syria regime to halt bloodshed http://t.co/A6JLBzMC
1, RT @AP: #Egypt top court to decide whether to disband panel drafting new constitution: http://t.co/LN3qtpID
0, #egypt He tried this kind of upon him about photographic camera http://t.co/v7OKdfie
0, #egypt Can you out drink me?? lol ye ok... http://t.co/IFIg9Eu7
1, Forensics investigation in #egypt determined that bullets shot at protestors came from Muslim Brotherhood members  http://t.co/qNaD4MAg
0, Salam Alaykom: Now it's prayer time (Fajr) 5:00 for Luxor City  Dhuhr Pray will be on 11:45 #Luxor #Egypt
1, and it is not a war between #Islam and new #liberalism in #egypt
0, #Obama thanks #Egypt as world leaders hail #Israel-#Hamas truce via .@Telegraph http://t.co/FYG6qnEt #Gaza #Mursi
0, His Holiness the Dalai Lama speaking now abt Middle East Peace watch live webcast  http://t.co/ICDDeJjn #syria #egypt #DalaiLama
0, #B3tha #Egypt #UAE Strategies about how Healthy and balanced Might Diet Household goods Birthin... http://t.co/bpfJ49Ma #saudi #ksa #BHR
0, RT @Bennu: The Tell Basta Project - 3D scanning - day and night: http://t.co/AhoWXp3c #egypt
1, Protest march crowd. #tahrir #egypt RT @DailyNewsEgypt: http://t.co/FF5jkRxP #Cairo #Morsi #Nov27 #Mohamedmahmoud #CSF #MOI via @acarvin
0, RT @MinorityRights: Christian woman hair forcibly cut on metro http://t.co/r7qnZPbR @egyindependent. More on #Egypt minorities from MRG  ...
1, Islamists to march in support of Egypt's president - #Egypt http://t.co/mKHD9fix
0, Alexandria EGYPT Weather :: 13C Fair http://t.co/wx0GrWRn #Alexandria #Egypt
0," #Egypt #Masr Turkey considers deployment of  """"Patriot"""" missiles on Syria border http://t.co/YGhN3HJB #Jan25"""
0, @flyegyptair 2:30 Hrs Flight delay So far with no official announcement !! So What !! #Egypt #EgyptAir #MS611 R we boarding today ?!! #Fail
1, #Morsi has gone batshit crazy #Egypt
0, RT @AleikhemShalom: RT @ProSyriana: The fights of 2012... #Palestine #Europe #Africa #America #Egypt http://t.co/XLHTORTY
1, Egyptians are there... #Tahrir #Egypt #Morsi
0, RT @cairowire: coptic presidential assistant decides to resign presidential team holds urgent meeting: http://t.co/eZ9so5Sr #nov23 #egypt
1, #Egyptians Stage #Mass Anti-#Morsi Rally In #Tahrir  Square http://t.co/olrJdM2G #egypt #news
0, #Egypt defender #Hegazy misses action for months at #Fiorentina  http://t.co/nTx3VHhW via @ahramonline #football #soccer #SerieA #Italy
0, Salam Alaykom: Now it's prayer time (Asr) 2:53 for Cairo City  Maghrib Pray will be on 5:19 #Cairo #Egypt
0, this pic was taken by a #NokiaE6 camera with a little saturation edits from the mobile itself!! #Egypt http://t.co/f68BtC2B
0, RT @_Schehrazade_: #Egypt I love you but at this rate not only will you murder my career but you'll give me early heart disease.
0," The HUGE famous series of shopping malls in #Egypt """"Omar Effendi"""" was named after&amp;owned by #Albanian Omar Effendi #Arnaut there 1870-now :)"""
1, Make some noise making noise is effective and healthy . #Twitter #Egypt
0, RT @YusurAlBahrani: Rights organizations: Ruling against Saber is sign of religious dictatorship , #Egypt Independent http://t.co/pMqXn3 ...
0, RT @estr4ng3d: Brilliant.  I think #Egypt'ians should copy the Indians with this as well http://t.co/fNWYFdXj
0," """"Ya 7abayeb"""" LOL. #Egypt"""
0, RT @rosanwo RT @iyad_elbaghdadi: Ground action is virtually guaranteed. Bibi insists on testing the new #Egypt. #Gaza #Israel
0, #egypt Haha.  How f'n hilarious..! http://t.co/xLi81cRU
0, @A_Lex_G @speak2tweet now a tool to use when internet is down #disaster #war #syria #egypt #indyvote
1," Corruption under #MB #Egypt   """"@egyptbusiness: Egypt slips in corruption index http://t.co/pCyrTANP"""""""
0, @arminvanbuuren please don't forget #Egypt
0, Ever seen #KingTut? He's on display for the last time in North America now. #Egypt #mummies #PacificScienceCenter http://t.co/k2Q2vG7E
0, #Egypt #Jan25 No Egyptian deaths in US storm ministry says http://t.co/wb8DBVjK #masr
0, #egypt I don't know why but this made me cry with laughter omfg the emphasis its just ahahahahahaha http://t.co/OGtGfh9f
1," Arabic : Judge of High Council says meeting with Morsi """"failed"""" and his message was not accurate  http://t.co/teZKmfao #egypt"""
1, Clashes at the pres.palace is getting worse . Anti-Morsi protesters  with low numbers are trapped by the MB thugs ! #Egypt
1, #Egypt #Masr Islamists protest in Cairo call for Islamic law http://t.co/2UyTjldm #Sinai
0, NO TO APARTHEID!! Gil-Scott Heron-What's the Word? Johannesburg  http://t.co/tWvKtxK9 via @youtube #UN #GAZA #Egypt.#Palestine
0, #Egypt stops departing planes to #Damascus #Syria
0, #egypt Dwindling options in Syria... http://t.co/DhkcDGwU
1," """"@SultanAlQassemi El Baradei: This (Muslim Brotherhood) constitution will end up in the dustbin of history http://t.co/ULBWHf3x #Egypt"""""""
0, #IHaveAlwaysWanted my country to be clean &amp; civilized.. #Egypt
0, It's 1 year ann. of @3askarkazeboon  = citizen media + protest expose gov lies. Screening 8pm Qasr al Aini wall #Egypt http://t.co/SQqvRJOe
1," #Egypt #jan25 """"Alternative democracies were always possible and still are"""" #ChomskyAUC http://t.co/hK9fjUyU #tahrir #Egitto3000"""
1, #Morsy preferred defending Muslim Brotherhood than offering any compromises for the sake of #Egypt.
1, I need help. a maze RT @iyad_elbaghdadi: Salim El-Awa: This constitutional declaration also cannot be repealed by the judiciary. #Egypt
1, RT @Aymondo: And here comes the tear gas! The motherfuckers are out of their minds! #Egypt
0, #egypt : )! Therefore interesting! http://t.co/f1qvVbnS
0, The weather!! :) #Egypt
1, #Egypt #Jan25 Cairo court to examine case for Mubarak pardon http://t.co/4TQdaahi #tahrir
1, Yep eg: syria #egypt RT @AfiyanesSs @ibnfaqih: People are dying to have the rights we take for granted. VOTE! #MuslimVote #Yallachange
0, RT @Occupy2gether: Breaking: Medic are needed near Al Ithadia. 10s of injuries are reported. #Egypt
0, Vianney Nsimbe - It's Time Up for CAF President Hayatou: [Observer]Last Friday I went through a ... http://t.co/sV4AduJ7 #africa #egypt
1, RT @oritperlov: Nervous on the Nile: Minorities Fear End of Secularism in #Egypt http://t.co/Cbtnfj53 via @SPIEGELONLINE
0, #bahrain #ksa #kuwait #uae #oman #qatar #iraq #syria #egypt #tunisia #morroco #libya #yemen #iran #turkey\x0A# http://t.co/3QwcTgKh
1, #Egypt #Jan25 US Democrat Reid leaves hospital after crash http://t.co/xH3qGTDr #tahrir
0, @SherineT On Alert in #Egypt
0, #Egypt: Court sentences atheist to 3 years imprisonment for insulting religion http://t.co/MUhpZLVJ #Religion #Atheism #FreedomOfExpression
0, #egypt this made me cry 3 x http://t.co/n5c7sTo9
0, I have the Egyptian passport w kaman beta2a bs bardo lazem 22ra el destor abl ma aro7 22ol ah aw la2 I think you all should do this #egypt
1," """"@AJELive: #Egypt President Morsi has appealed for """"trust"""" from the people http://t.co/2AjuvYz3"""". They evidenced trust when they elected him"""
1, #Morsi protecting his #Islamist hijacking of #constitution #Egypt crisis: Morsi gives army arrest powers before vote http://t.co/ixTI1Dc0
1, #Egypt #Jan25 PHOTO GALLERY: Worshippers fill mosque courtyards to start Eid Al-Adha http://t.co/DEBjRLup #tahrir
0, #egypt #realestate http://t.co/RZPwnHXc
1, RT @betsy_hiel: Protesters singing #Egypt national anthem as the march gets closer to presidential palace
0," New content on our @Pinterest Board """"Graphing the Global Economy &amp; Financial Markets"""". #Egypt #Italy #Oil $spy http://t.co/RksVF1kU"""
1, #Morsi speaks #Egypt  such a reminder of similar speech in 2011.....only worse
1," RT #BreakingNews: Judges across #Egypt refuse to oversee controversial constitutional referendum - @AlArabiya_Eng"""""""
0, What happened? Just came back from work. #egypt
1, The only difference between Mubarak and Morsi is that people got to choose the latter dictator. #JustSaying #Egypt
1, #Egypt #jan25 Afghan presidential vote due April 5 2014 http://t.co/W5sID1Im http://t.co/EmHmtfLL #tahrir #Egitto3000
0," Seriously a7a """"justice"""" #Egypt: Alber Saber &amp; Hosni Mubarak. Tell me how their """"crimes"""" are in any way equivalent. #Tora #FreeAlber"""
0, RT @HamadEAbdulla: #history #ottoman woman 1880s #turkey #egypt #uae #bahrain #saudi #oman #qatar #kuwait http://t.co/zXAMApHn
0, #bahrain PATHETIC to see this video! It shows again How low is #Alwefaq ? http://t.co/AEvCtXpb #Egypt #GCC #kuwait #KSA #UK #USA
0, #egypt My brother lost a bet and had to french kiss my mom lolll http://t.co/3PSmpah2
0, Turkey's prime minister will be in Egypt tomorrow. This was planned long before Israel's offensive. #Egypt #gaza
0, #Egypt #Masr Iraqis killed in suspected sectarian attacks http://t.co/1GhBKtes #Sinai
0, RT:norshek:I feel sympathy towards gaza BUT We can't leave sinai. We can't be that stupid. #morsi #egypt #gaza http://t.co/GXpi3YEz
0, #egypt Do the uneducated rural inhabitants desire serfdom and servility? Are they so beaten that having something to worship is a step up?
1," Chant on #Tahrir: """"Make them (MB) understand!/#Egypt isn't their father's farm!""""\x0ARhymes in Arabic of course"""
1, And if this constitution passes it will yet be a transitional constitution even if its intended to be permanent. #Egypt
1, Is anyone keeping a log of how many chiefs &amp; PMs have been ousted since  Jan 25 revolution?  #Egypt
0, #egypt Features any person utilised this specific? http://t.co/tfV8Hy6L
1, RT @jonamorem: Civilians continue to be at risk in #Egypt says #NoMilTrials for Civilians - Press release: Presidency Lies! http://t.co/nJwt4Fnt
1," Finally. Rt. @mozgovaya: Obama called Morsi """"2 express deep concern about the deaths and injuries of protesters in #Egypt."""
0, Has Obama honored his Middle East pledges? http://t.co/mgYJlkq5\x0A#alarabiya #Obama #MiddleEast #Egypt
1, RT @RawyaRageh: Amid this crisis PM Qandil continues regular cabinet mtngs tdy meets ministerial committee for Nubians demands #Egypt
0, #egypt God that is funny! http://t.co/rzCrYr7F
1, #Egypt #Jan25 Egypt opposition calls protests http://t.co/pghlbjGw #tahrir
1, @Reuters live-streaming demonstrations outside presidential #palace: http://t.co/YOSc89Pa #egypt #palacemarch
0, #egypt Make sure you I want advice! http://t.co/ajYtZvrc
0, Salam Alaykom: Now it's prayer time (Dhuhr) 11:28 for SharmElshikh City  Asr Pray will be on 2:44 #SharmElshikh #Egypt
1, #Guardian: target of  #Egypt opposition National Salvation Front is not the constitution or the decree but #Morsi \x0A http://t.co/2HCmEYOR
1, Gunshots heard every 5 minutes almost from #AbdelMoneimRiad #KasrElNil &amp; #SimoneBoulevard. #Tahrir #Egypt
1, RT @IfyOtuya: #MB apologetics #Morsi is succeeding at one thing: making your job increasingly hard. All the best of luck. #Egypt
0, RT @CatherineAyman: Are you sure it's December? Cause it doesn't feel like Christmas at all! #Egypt #Fuckthis
1, Scene set 4 protracted stand-off; opponents continue #Mursi decree protest wch has polarised #Egypt: http://t.co/sQai9CsA
1, How #MBs still talk about the authority domain scheme !! *Cheesy* #Egypt #Morsi #ithadeya
0, #egypt This  is really f'n ridiculous! http://t.co/c1734YVn
1, Former(ish) Prosecuter General Abdel Meguid Mahmoud says he is expecting to be imprisoned soon #Egypt
1, RT @IngyHassieb: Numbers of #Morsi supporters increasing in #nasrcity as chants die down and ppl gather to perform sundown prayers #Egypt #
0, Talk #Election 2012 http://t.co/MeUxCrh6 #Egypt #Facebook
0, RT @Nathalieeihab: Edrab 3'az edrab 7ay bardo ya morssy dorak gai ........ Proud of my country #Egypt.
0, #egypt I find me personally shelling out more hours upon sex websites lately?  Is a problem with me? http://t.co/E3OnsKxi
0, RT @NShahIsHere: PLZ can U all RT this clip we want it to reach @iamsrk from #Egypt .. a small gift 4his special day http://t.co/l3HwyxWP  #HappyBirthdaySRK
0, #egypt Can easily somebody describe this specific? http://t.co/FH8W3ngp
0, RT @F5here: Fears for girls marriage laws in new constitution of #Egypt under #Morsi's #MuslimBrotherhood rule..\x0Ahttp://t.co/dN7q3KhC
1, .@machkhatib @SyriansRISE_UP @Mathidiot Mubarak regime was a genius at derailing #Egypt democracy. It's like they planned this whole thing.
0, A horrendous day for the middle east. #Palestine #Egypt #Syria
0, RT @FroosterO: @TheSherryShow explaining how @INJAZegypt brings the business sector into the classroom in #Egypt #afdb
1, @mwahba61 we had one last year in #Egypt things are always disguised under different names! amazing how awake &amp; switched on ppl are though
1, RT @ElmasryMo: Politicians are like sperm. One in a million turn out to be an actual human being. @EgyptTopTweets #Egypt #Morsi #ikhwan
1, @SamiraIbrahim4 just ignore &amp; complete the revolution 4 #Egypt 4 #Yemen 4 #syria 4 #Saudi 4 #sudan 4 #morocco 4 #Bahrain 4 #arabspring
1, #Egypt #Masr Israel hits Hamas government buildings as reservists mobilized http://t.co/5XYolYNS #Jan25
0, #egypt omfg this made me cry. http://t.co/iAbFUYrL
1, It can't even be called history yet and it's already repeating itself! #Egypt #CSF #Violence
0, Pig motherfuckers in Mexico are using water cannons against t... http://t.co/FF5jkRxP #Tahrir #Cairo #Egypt #Morsi #Nov30 via @JagerJohnson
1, #Egypt #Jan25 Referendum opponents supporters prepare for mass demos http://t.co/Ig00gwPS #tahrir
0, Sharm El Sheikh EGYPT Weather :: 15C Fair http://t.co/n7ANPLDl #Sharm #Egypt
0, #Egypt #Masr Lebanon Army Moves to Restore Security http://t.co/fMuSThvS #Jan25
0, RT @Saraelamir: It's not safe anymore in Egypt just seen a video of a toktok trying to kidnap 2 women in Mosadak st.! It's a chaos! #Egypt
0, @coldplay Come to #EGYPT !! !! !! !!!!
0, Couldn't agree more #egypt http://t.co/pbkGIPf3
1, CNN: Clashes in tense Cairo outside presidential palace\x0A#Egypt #Morsi #Revolt http://t.co/NKBjFTBF
0, #Egypt The mastaba of Mereruka - #Sakkara http://t.co/JkobZJNO #News
1, RT @yeh1a: #Egypt army clears demonstrators and media organizations from outside the presidential palace in #Cairo following violent ove ...
1, RT @DJosermusic: President Morsi you are a piece of shit #morsi #egypt
0, #egypt ok this made me laugh http://t.co/sz96woqx
1, What do you think @Ikhwanweb? Are the people on the street today any less Egyptian than the Nahda protesters last Saturday? #Egypt
1, RT @AnjumKiani: We know that #Egypt still has US agents within it but I hope that #Morsi withdraws decision giving him Total Immunity from Challenge.
0, #egypt Just how do Julie erase these kind of pictures via the internet? http://t.co/ljZn3prH
0, RT @ahmadaa Also checkout data in each country. #Saudi has the highest mentions &amp; #Egypt is second. Most mentions per capita is #Bahrain
1, #Egypt 's #Morsi to confer with #SecClinton today.
1, Breaking News: Mohamed Morsi Al Ayat the newly elected Egyptian president has become a tyrant. #Egypt #Europe #USA #Tahrir
0, Top popular tags webtech:  1^ #LeWeb 2^ #LeWeb12 3^ #leanstartup 4^ #egypt 5^ #Syria
0, New #PictureTheWorldProject photo for #Egypt by @departureboard own Gavin London http://t.co/xrdYXx0S
1, Hurriyet Daily News @HDNER\x0A#Egypt's army issues ultimatum on Morsi palace protests http://t.co/Rch9E7td
0, BREAKING: MB Bus crash causes the death of 12 people 26 injured while heading to Alexandria #Egypt
0, #egypt I think my ass is just too tight lol http://t.co/sNiHAJxz
0, Salam Alaykom: Now it's prayer time (Maghrib) 5:04 for Alexandria City  Isha Pray will be on 6:28 #Alexandria #Egypt
0, RT @JohnEssmat: Creativity has no rules....\x0A#Creativity \x0A#Why #Marketing #Advertising #Egypt #business #Entrepreneur http://t.co/AxIqAVeW
1, Seriously that Egyptian minister deciding that cafes and shops should close at 10.. what about unemployment and harassment ?? #egypt
1, RT @RawyaRageh Sabbahi: the Front will fight under the leadership of ElBaradei. #dec5 #egypt #NSF
1, #Egypt BBC News - Egypt opposition backs referendum 'No' vote http://t.co/3n20ruwL
1, RT @Selnadeem: I grow up in #Heliopolis where everyone felt safe. Today rocks and sticks carried by MB members to terrorize people. #Egypt
1, God bless this country. #Egypt #Cairo #NoMorsy #NoMB #iti7adeya #itihadiya #revolution
1, RT @EgyptDaily: Early signs show #Egypt's new constitution passing http://t.co/rB3v2g3h
0, #Egypt #Masr Israel urges Gazans to evacuate their homes http://t.co/HwTk3vzA #Jan25
0, Mozahra at cairo university #egypt http://t.co/WdkHlwFd
0, Salam Alaykom: Now it's prayer time (Isha) 6:19 for Aswan City  fajr Pray will be on 4:38 #Aswan #Egypt
1, RT @BobGoesBleep: Egypt Rushes to Vote on New Constitution http://t.co/J2CjNDU8 #Egypt #Constitution #Cairo
0, Boarding to #Dubai. Obviously heart and mind will stay for a while with #Egypt ... Stay safe...
0, RT @EgyptPrayTime  5:01 for Alexandria City  Isha Pray will be on 6:23 #Alexandria #Egypt
0, I got to the gate then in fear of being trampled to death I left and never got to see Noam Chomsky #toz #AUC #Egypt http://t.co/cpbVpcjm
1, RT @EgyIndependent: Protestors mourn another death as clashes continue http://t.co/xF5IAnvn #Tahrir #EgyStrike #Egypt
0, #Egypt Article 42: State to safeguard freedom of movement
1, Received the email from elections committee for #referendum on #constitution YES is blueNO is brown #egyabroad Voting: Wed till Sat #egypt
0, http://t.co/jQebTcrw #app #missing_app #ksa #rashid #bbm #egypt #arab #taraji #Manutd 19036
0, #egypt These kinds of assholes! : All I want is really a wonderful personhttp://bit.ly/POGyPh
1, It is not enough to call for the fall of a Monster we need the end of Monstrosity. Systems not Leaders people! #egypt #israel #syria #gaza
1, police is blocking the main road from #mb gathering plave twrds #Morsi  palace already four armored vehicles in place #egypt #cairo
0, #Egypt teacher cuts a girls hair for not being veiled. Punishment? 1 month w/out pay &amp; sent to another school. Greeeat. http://t.co/RkgUkMeJ
0, #alex ; one of the injured at Ras elteen hospital is being transferred as his concussion level is beyond their capacity #Egypt
1, The key is to give government less authorities #Egypt
1, The Washington Post - Egyptian judges courts step up fight against Morsi edict #WP #Egypt http://t.co/dda4gtrQ
1, Eyptians vote on divisive constitution\x0A#Egypt #vote #25jan #tahrir http://t.co/jb4EO6jb
1, #Egypt #Nov27 RT @sultanalqassemi: Incredible photo. Anti-Morsy protesters in #Tahrir now via @MinaNaguib90 http://t.co/IrFI1dqy
0, #egypt Gotta check this out - manufactured my day!  http://t.co/k14Lxmo1
1, Abu Ismail: Proposed constitution danger to state institutions http://t.co/Phgjbrxy #Egypt
0, Oh. Daar is het antwoord al. RT @thehill: #Egypt President Morsi grants himself sweeping new powers http://t.co/qymdCAyV
0, RT @beautifultango7: Yalla #Egypt.
1, RT @globalvoices: Has #Morsi Pulled a Mubarak &amp; cut the Internet off in Tahrir Square? http://t.co/jhxD4cDP #Egypt
1, #Egypt #Jan25 Confusion over DR Congo deal with M23 rebels http://t.co/yy7m2dDc #tahrir
1," RT @FouadMD: Agreed: RT """"@Nervana_1: just FYI in #Egypt there is no dialogue it is just a monologue in disguise! http://t.co/NMbu4zQG #Morsi"""""""
0, #Aishah's Mother Has Been Fighting For So Long To Get Her Baby Girl Back! PLZ SIGN! http://t.co/T2fLlTF5 #Opfreeaishah #Egypt #UNTILSHESHOME
0, RT @jiad20: http://t.co/pbqwpMoX #app #missing_app #ksa #rashid #bbm #egypt #arab #taraji #Manutd 77138
0, RT @nwohashtag: RT: So #US #UK #France #Egypt #Turkey #Qatar #Saudi + are worried the #FSA who they armed are now not trustworthy? #NWO ...
0, #egypt Hahhahaha Wow - This is actually the greatest crap i`ve ever seen http://t.co/OWcC9uPd
1, #BREAKING: Its time to punish those who gave money to people to protest - #Morsi #Egypt
0, Explosions heard at US base in Afghanistan  #Egypt
1, 1dictator for another-#Egypt-Army clearing presidential palace area\x0Ahttp://t.co/d61laU64 #islamist #MuslimBrotherhood
1, Muslim brotherhood continuing to kill Coptic Christians? Can't say that I am surprised. #redo #insane #Egypt
1, RT @moftasa: The graph is rising again with #AlberSaber and #BishoyKamel. Database of arrested and threatened bloggers in #Egypt http:// ...
1, Egyptians challenge Mursi in nationwide protests http://t.co/d40WiOb8 via @reuters #egypt  #27nov
0, #egypt damn it people!!! Am I alone who bought into this?? http://t.co/5Bxm8kzB
1, #Egypt's Morsi calls for dialogue says 'violence not solution' to political impasse http://t.co/LwgVhYp8
0, #CNN #BBC   #Egypt #Oman #jordan #Syria #Morocco #Tinis  #Syria   High res pics of Assad's compound :)   http://t.co/yAgvxTVj
0, US candidates clash over policy  #Egypt
0, yarab ehdina yarab #Egypt
0, #egypt ahahah i cant breathing!!!!   http://t.co/T573OGOY
1, A fitting soundtrack to #EgyConstitution #Egypt. Leonard Cohen - Everybody knows (live in London 2008) http://t.co/TSzze2sF
1, @elijahzarwan for example: secularists protesting #morsi == teabaggers protesting #obama #BadStrategy elbaradei = #egypt version of Romney
1, #Egypt RT @dailynewsegypt #Tahrir sq filling up with anti-#Morsi protesters as tens of thousands surround the presidential palace in protest
1, RT @EgyIndependent: #Disabled protesters file complaint against Morsy http://t.co/f02PIbSF #EgyStrike #Egypt
1, 100's of judges support Morsi's openly and excuse a club of judges of being Mubarak regime loyalists http://t.co/74v1gLjH  #egypt #cairo
1, #Egypt #Jan25 Kazakhstan in legal move to ban opposition parties and media http://t.co/qymfvSG0 #tahrir
0," RT @aimi_azmi: RT @eynMuhammad: """"@iyad_elbaghdadi: #Egypt open the border now now now. And send blood donations medical aid and food ..."""
1, #Anonymous threatens #Morsi with cyber-warfare http://t.co/MIlp7Ve9 #Hacktivist #Egypt #MuslimBrotherhood #Dictatorship #OpEgypt #FuckMorsi!
0, RT @reemelhassan: Pray for #Egypt. It's beyond repair.