1,Air Radioaktif Fukushima Bocor Lagi 6 Pekerja Terpapar - http://t.co/XJr6mia2Sq: Air Radioaktif Fukushima Boco... http://t.co/OeTAVjfpEO
1,#Fukushima - if the rods get too close to each other they can still fire up again and create a chain reaction.\x0A#ows \x0Ahttp://t.co/XoriDkM3lR
1,RT @csmonitor: Tokyo Electric says 5.8 earthquake in #Fukushima did no damage to prefecture's troubled nuclear plant: http://t.co/gM0dD9D6NY
1,New high-radiation spots found at quake-hit Fukushima plant | Yahoo! Health http://t.co/PP1BBcKRy0
1,Tour of Fukushima Daiichi Nuclear Power Plant: http://t.co/yttXEaN32c via @youtube
1,Festival planned Saturday for children from Fukushima Japan\x0A\x0AThe Fukushima Kids Welcome Festival will be held... http://t.co/Ae5h0a57G1
1,The map that is being shared on Facebook regarding radiation spreading across the Pacific from the Fukushima... http://t.co/tcxIdIHHS5
1,This petition is addresses the Single Most Important issue on the Planet right now: http://t.co/OgLKsgQsus (Fukushima &amp; the radiation leak!)
1,Extraen peligrosas barras de combustible de la accidentada central nuclear de Fukushima http://t.co/iL0pwC2NUv
1,[NZZ] Fukushima-Betreiber will wieder Atomstrom erzeugen http://t.co/3zUGiadb0r #AntiAKW
1,Disaster Spiraling Out of Control at Fukushima as Japan's Prime Minister Asks for Global Help | Alternet http://t.co/x3Zjxx8aNj
1,Ozawa Ichiro(3):\x0A such as Japanese Bureaucrat and Massmedia.\x0A\x0ASee(Japanese);\x0A1)http://t.co/Goiij1CxE2\x0A2)http://t.co/cKfRcI8Tkb\x0A\x0A#Fukushima
1,Perspectives on Chernobyl and Fukushima Health Effects: What Can Be Learned From Eastern European... http://t.co/0XXiCnRtSD #TheAtomicAge
1,Fukushima Radiation Hits US West Coast http://t.co/t06IuE71hA #Fukushima
1,"Radioactive Reality (17 December 2013) Fukushima fuel melted """"on unprecedented scale"""" http://t.co/COoMzjplUw"""
1,@fukushima_actu god help us all there will be big consequences from this
1,LIVE: World Watchers 11-27-2013 on @spreaker #current #events #fukushima #japan #news http://t.co/IFAohR1kLZ
0,The Fajr Daily is out! http://t.co/Bphbb4fYvg Stories via @fukushima_news @donate0311 @yogageneration
1,Tritium Levels Rise Further in #Fukushima Groundwater (9/12 Jiji) http://t.co/K5bGulYXYU #jishin_e #nuclear
1,Japan raises severity of radioactive leak at nuke plant - China Daily | @scoopit http://t.co/omySz3E69x
1,Welp looks like a Cali trip is outta the question ya'll should think about living/surfing there after this video http://t.co/qr62DRISZ1
1,"@GeorgeMonbiot @lucyk6992 sorry but I seem to come across a lot more worrying info on #Fukushima than """"keep calm and carry on"""" type stuff."""
1,Storage tanks at the Fukushima Daiichi nuclear power plant are leaking about 80000 gallons of contaminated water: http://t.co/ZoiSjwD3hk
0,The elite is frightened! #Coverup of protest of #ourWallstreet #fukushima shows that to #world. #people have more power than they think #UP
1,Latest leak at Japan's Fukushima plant contaminates 6 workers: TOKYO (Reuters) - Six workers at Japan's Fukushima nuclear plant were ...
1,US Sailors: Response to Fukushima Emergency Resulted in Cancer http://t.co/9z3R1SzlOu
1,.@oceanprogress addresses concerns about radioactive contamination in Pacific Ocean seafood http://t.co/NNIJVvTgl9 via @amprog
1,Japan to remove Fukushima fuel rods http://t.co/5lzMqmrZKt
1,#Fukushima: Descubren fuga de casi dos toneladas de agua contaminada http://t.co/PFSdez4yvi #Cuba
1,Now we'll take a closer look at how the radioactive leaks at #Fukushima #Japan are impacting the environment. #worldview @WBEZ
1,Denuncian por negligencia a la operadora de Fukushima: Ciudadanos japoneses presentan denunci... http://t.co/iZLMXY81Zd #Madero #Tampico
1,"Well The ocean is Boiling now on the coast of Japan from the runaway cores at Fukushima Daiichi. I wonder how... http://t.co/RRmksHJUGS"""
1,RT @msnNOW: Fukushima's radioactive cloud expected to reach US by 2014 http://t.co/ILEATFcl5d
1,#Nacional Descubren una nueva fuga de cuatro toneladas de agua radiactiva en Fukushima http://t.co/StRJjLMI7y
0,Well at this point I know I'll never get to see Japan. Guess it's a good thing it wasn't on my bucket list. #Fukushima
1,Fukishima watch: It is worse than ever imagined. Forget a fix. No one knows how. Fish are getting freaky. http://t.co/cCMNMQVk39
1,Satu Harapan: PLTN Fukushima Tidak Terpengaruh Gempa http://t.co/gPfPZutx22
1,Fukushima workers http://t.co/zkqS9MBtmW
1,Super excited to have @haiyan joining us @thingmonk see fukushima and geiger counters http://t.co/h5lShwcpSN
1,Fukushima operator to start dangerous fuel-rod removal\x0Ahttp://t.co/bHcCHZUm0a
0,#Ghana Difficulty! DISINFORMATION The Presidents did not put the shoe on Fukushima Follow @ RealDatill now for The News &amp; More
1,#Fukushima plant braces for super-typhoon http://t.co/rorBUVD7My
1,This is terrifying. http://t.co/VxHZBpPbfZ
1,Well this makes me feel warm n fuzzy all over. *SMGDH* RT .@OmarZaidMD: The REAL Fukushima Danger | Washington's Blog http://t.co/ocLReSVhZc
1,RT @fukushima_actu: #nuclear Radiation Effects of Fukushima Update Nov. 2014:  http://t.co/n6uzPizhKN #fukushima
1,I remove a regulatead area of Fukushima and am safe.
1,Fukushima Radiation to Reach U.S. Coast at Safe Levels NRC Says - Bloomberg via @BloombergNow http://t.co/CfGqMTxKQH
1,"@guardian: Fukushima workers low on morale and plagued by health woes say insiders http://t.co/b9WPqzk3JP"""" No shit Sherlock."""
1,Japan to issue warning on Fukushima leaks http://t.co/lOaQwdq4vz
1,Woah! MT @RichardJWood Tepco plans on dumping radioactive water stored at Fukushima into ocean instead of containing http://t.co/GGi4Z9uKqo
1,What Is Happening To Alaska? Is Fukushima Responsible For The Mass Animal Deaths? http://t.co/Teq7frjeHt
1,Fukushima: una bomba radioattiva fuori controllo! | Mondo In Tempo Reale: http://t.co/tJKqFFWwFH
1,Environ-mental scientists wants Fukushima everywhere throughout the world.. http://t.co/bxhH77Oa3f
1,"STERILIZE THE PLANET"""" ..... read this #Fukushima Update..... be itk in the ele!\x0A\x0Aread this too.....""""Forgotten... http://t.co/EQd2dL5vEV"""
1,Fukushima Daiichi operator should not handle shutdown says governing party http://t.co/FQKFYU75ID @guardian
1,FODEO NEGADA FODEO https://t.co/rgHyhpJNVJ -Q
1,I really hope people get the message: Fukushima isn't going away and it can only get worse if we do not make it THE agenda.
1,RT @RebHarms: Who will stop #Tepco? #WHO ? #IAEA ?Gorvernment of #Japan? http://t.co/6z1a3km9YC
1,#Japan to remove #Fukushima #fuel rods http://t.co/zNGmuLMQZU
1,Tokyo to Host 2020 #Olympics and will feature the 400 meter fukushima nuclear puddle jump as the newest Olympic gold medal sport.
1,Jellyfish Babies: Birth Defects of Nuclear Radiation - http://t.co/Y2DlUBaH1N #Fukushima #nonuke #radiation
1,Comienza a retirarse el combustible gastado del reactor 4 de Fukushima http://t.co/GLsKcZNHBY
1,RT @iamdespicable1: A Sunday closer to the brink. #Fukushima #TEPCO #SOS #AllHandsOnDeck
1,RT @abc7newsBayArea: Japan is working on a massive project to keep the damaged Fukushima nuclear plant from leaking: http://t.co/4z3ymWtlvD
1,@NASA_EO @hotosm Please sign and share my petition about the crisis at Fukushima! Let our voices be heard! http://t.co/w4gkNuAZdD
1,I liked a @YouTube video http://t.co/Dy8GZTnbAX Fukushima is Here - San Francisco Human Mural
1,@RT_com this is just turner into a horror show.... When does it end? Can I get off the ride now?!? #fukushima #fuck #doom #tepco
1,Fukushima Diary in Washington D.C.!: http://t.co/iCUkWGHbzJ via @youtube
1,RT @SecretNews: Forecast Shows #Fukushima To Get Eye Wall Of #Typhoon Wipha: http://t.co/QRwjO5ce6x #meteorology#japan
1,Inicia TEPCO paso clave para desmantelar central de Fukushima http://t.co/5je5Gn5R8h #Elmundo
1,Was this abductee told about Comet Ison Impact &amp; Fukushima Disaster in 1988? http://t.co/MRGpawYe4h
1,Conspiracy Theory With Jesse Ventura\x0AMeanwhile... a category 3 hurricane aims for Fukushima...... http://t.co/hCG4oah6wE
1,Water with pieces of nuclear fuel coming up from ocean floor off Fukushima coast? Tokyo Professor: 156... http://t.co/hWGMgG0VHw
1,#fukushima lays in clouds prepared to rain it's toxic poison upon us. It's here. It's been here. Reality
1,RT @MrVop: Fukushima begins fuel rod removal http://t.co/gV5hJ0X3kv
1,@verbalstrahl fukushima erdbeben again?
1,RT @CoyoteSings: Fukushima is the first time the core of a nuclear reactor has ever liquified. Fukushima has had three meltdowns.
1,28 Signs That The West Coast Is Being Absolutely Fried With Nuclear Radiation From #Fukushima http://t.co/NHjBxOguUe via @Revelation1217
1,RT @CBSPhilly: RT @CBSNews 5.3-magnitude earthquake hits Japan's Fukushima - http://t.co/blZdOsEYuB
1,Typhoon stokes fears for Japan's crippled Fukushima nuclear plant |\x0AThe Australian http://t.co/AOWedAy0zq via @sharethis
1,Fukushima: Your Days of Eating Pacific Ocean Fish Are Over http://t.co/TBqd8EZ90z via @TrueActivist
1,I pray someone out there somewhere is taking notes...this is a global issue. http://t.co/twsvWc7FrK
1,Massive radioactive steam detected at Fukushima reactor  http://t.co/bAMA1mBZZz
1,Fukushima: coming clean | Editorial - Is the unthinkable being thought as Britain plans for a new generation of ... http://t.co/jkD91srSv0
1,Fukushima harms commerce as Russia rejects radioactive Japanese cars http://t.co/NRbEJeUqsC via @HealthRanger
1,Japan Braces as TEPCO Prepares for Critical Phase of Fukushima Clean-Up http://t.co/i6b9ZbueQ1 #YouTube #News
1,Giga-Oktopus durch Atomkatastrophe in Fukushima? - Transatlantisches Fre...: http://t.co/zLjdAgz8eB via @youtube
1,http://t.co/f370NP8ti1\x0A\x0ADespite #Fukushima its business as usual for Japan's #nuclear industry. #Turkey purchases new plant.
1,Hay nuevas fugas radiactivas en Fukushima http://t.co/vQHN3H142M | muy interesante
1,"October 10 2013 Fukushima Japan. \x0A\x0A""""Tepco said combined Cesium-134 and Cesium-137 readings just outside the... http://t.co/2qWTmIzDaG"""
1,Terremoto Fukushima: forte scossa vicino alla centrale niente danni http://t.co/YcP167N245
1,RT @Michelle9647: But do not worry California the toxic water that will hit you in 2014 from #Fukushima has been diluted enough *wink wink*
1,5.5 magnitude earthquake shakes Tokyo halts trains: nerves frayed as Fukushima decomissioning... http://t.co/iWIwBXm9ac
1,The Crisis at Fukushima's Unit 4 Demands a Global Take-Over | Common Dreams https://t.co/Qp3VDNdpji
1,PM.Shinzo Abe told the lie to the world that the radioactive contamination water of the Fukushima nuclear power plant is under control.
0,Energy Costs Keep Japan Focus on Nuclear - ABC News http://t.co/hDP0TsdUDR #economy
1,Fukushima Workers Ordered to Cover Detection Devices to Downplay Radiation Levels: JG Vibes |  Fukushima worke... http://t.co/YxLPullqEi
1,Magnitude-5.3 earthquake hits Japan's Fukushima http://t.co/FOtRce1vAn via @usatoday
1,Fukushima Anti-Radiation Pills? US Gov. Official Hangs Up When Asked About Potassium Iodide Purchase: http://t.co/BFdZlZBE3W
1,Los colores de Fukushima | YorokobuYorokobu  http://t.co/p1Zf57zqqU
1,RT @JasonBermas: Fallout Researcher: Fukushima Worst Case Scenario Could Result In BILLIONS Of DEATHS http://t.co/jx24mCSDYN #LetsHopeNot
0,onomen ngono ya mbh kinjeng. ibukne mbah kinjeng jangkrikk ya'e RT @gusmanRiyad: kok ora mbah kupu kupu? haha RT widya_fukushima: loh eman,?
1,It hurts me especially that Japan is passing such a bill. There's no need to be embarrassed about Fukushima. Let the world help! #Fukushima
1,Soaring Radiation in Fukushima Groundwater | Common Dreams https://t.co/4KUJDTwbw3
1,RT @scocosse: #Fukushima: pas de poursuite criminelle contre les dirigeants de #Tepco http://t.co/XzcYUbQZu8
1,Tepco verliest controle over Fukushima http://t.co/kxrdkRgisJ
1,[Epicenter] Fukushima Coast [Max Shindo] 3 (2013-11-21 12:38) http://t.co/8LZiOiNTtp #earthquake #jpquake
1,#Fukushima I NPP Accident WAS a Nuclear Disaster Even If No One Died of Acute Radiation Sickness http://t.co/RkiBRsRgLj via @exskf
1,Expertos internacionales analizan la radiactividad del mar en Fukushima http://t.co/yQ9Xx7hzx7
0,Photo: 10/12/2013 urajiri odaka minami-soma city fukushima http://t.co/QdlfmpTUPb
1,Fukushima Failure: Decontamination System Stops Functioning Article at http://t.co/M1ZQowE9X4 http://t.co/g4mpGQrcDl #fukushima #nuclear
1,"Apparently Fukushima has released enough radioactive shit into the pacific ocean to put us in """"we don't know wtf to do"""" mode."""
1,Broken lives of Fukushima: Adventures of a Serial TrespasserBroken lives of FukushimaThe First PhotoThe Very F... http://t.co/koNvmb4IjB
1,Check the date of this PR effort - The Fukushima Nuclear Crisis: Separating Fact From Fiction: http://t.co/MFANfPmKpD via @youtube
1,The Mind Unleashed: Fukushima now in state of emergency leaking 300 t... http://t.co/hWfD574qbg
1,Japan protests French Fukushima toons http://t.co/X5R7cYSRzu
1,Fukushima nuclear disaster is warning to the world says power company boss http://t.co/7P0HLVoS11 via @guardian
1,Gafe:Rajoy dice q los temores sobre Fukushima son infundados y s detecta una fuga http://t.co/klLSuOjRRZ  #quesequede http://t.co/toMgUUObLn
1,Did you connect the dots to #Fukushima and years of #Nuclear yet? \x0A\x0A#Fukushima FAQs ...... Frequently asked and... http://t.co/pFZ1mWmm1r
1,Tell @UN SecGen: World experts must oversee #Fukushima decommissioning not irresponsible @TEPCO_English! http://t.co/QBkmD0KOKu #p2
1,@nycjim The horrible radioactivity of Fukushima will poison the world for millennia. Time to face the truth.
1,Fukushima World Warning!Spent Fuel Melt Down\x0Ahttp://t.co/3DWCvxJa28
1,RT @noosa_noosa: Abe is going to make the nuclear power plant disaster of Fukushima forgotten. But please do not forget by any means.
1,Fukushima threatens 15000 Hiroshimas. Tell Obama to redirect $8.3 b from new nuke plants to this crisis. http://t.co/kpC0E5OX0v
1,"Implement Paul Stamet's """"Plan for Mycological Remediation of Fukushima"""" as the """"Official Respon http://t.co/KUl3UEf0CO @moveon"""
1,Fukushima suffers another setback: Tokyo - The operator of Japan&amp;#039;s crippled Fukushima nuclear plant said on... http://t.co/wVwkwwUGDB
1,Um. number one concern #Humanity \x0ARecord radioactivity level found at Fukushima plant well - AJW by The Asahi Shimbun http://t.co/Dp64sEUWWJ
1,#NYT_Science Dot Earth Blog: Fukushima Radiation (Still) Poses No California Risk http://t.co/tgDAt84ZW1
1,Fukushima breaking news: WARNING The Pacific genocide TYPHOON  kevin D. blanch... http://t.co/GxDCEdSNR4
1,Removal of fuel rods begins at Fukushima Daiichi nuclear plant http://t.co/WBwJznToGn
1,World Action Now on Fukushima - Harvey Wasserman: http://t.co/Ap28ejVToN via @wattashit3
1,PCV pressure of reactor2 suddenly decreased to be half / Reason not verified http://t.co/5IUiKXcIFB
1,RT @EWDolan: Fukushima nuclear evacuation zone photos available online http://t.co/aeTz73HfYh
1,http://t.co/01C8M15R0n - After Fukushima Disaster Advocates Argue Only Safe Nuclear Power Is None At All http://t.co/ZRckMcrVyW
1,Fukushima Radiation Hits US West Coast http://t.co/4r6O0fznOU\x0Athe hit is being felt by Canadians Mexicans and US citizens alike.
1,http://t.co/5Lg6QX3Pyl
1,Question which is more toxic? Fukushima fish or Octomom? I think it's a tossup.
1,We are all Fukushima.
0,Fukushima Industries just made a very unfortunate branding choice http://t.co/cfPV628x4e via @qz
1,Record Radiation at Fukushima Detected http://t.co/cBj1YooBJW via @sharethis
1,WTF!!!! #Fukushima #Japan is not bad enuf w #radiation?! They also go spray #chemtrails over it!!! http://t.co/i6uTY2B9Sh TY  @etoujyuuroku
0,Post Edited: Fukushima Syria Cyrus http://t.co/nCsmS3ln6N
1,RT @DrHCaldicott: Is #Fukushima the new normal for #nuclear reactors?  http://t.co/U2r8LgR151 via @ConversationEDU
1,"What MSM is NOT telling you- """"FUKUSHIMA: The Death of Us""""\x0Ahttp://t.co/0fS9u2ZmyJ\x0A\x0A#ClimateWarning #Climate #Global #KXL #Fracking #Tarsands"""
1,RT @chris_noland: 'Fukushima is here' human mural on Ocean Beach in San Francisco http://t.co/DkWOQ5uMMS
1,BBC News - Fukushima leak is 'much worse than we were led to believe' http://t.co/vJ0gmtzocH
1,Japan Marine Expert: Fukushima radioactive tanks may have already been emptied into Pacific Ocean -Xinhua http://t.co/5JMavUeckg
1,Tokyo Governor slams Fukushima coverage on eve of 2020 Olympics vote http://t.co/chT6piVfZn
1,@ENENews Misleads public with inaccurate information about #Fukushima  http://t.co/HrKzQm3dPr
0,@BrandonTweets__ \x0AYeah - enough of \x0Athis 'Fukushima Economics' \x0Ahttp://t.co/jWsSFBlFaS
1,Fukushima fish is unsafe for humans but ok for Pacific whales apparently. We are about to witness incredible suffering &amp; death. #shameonus
1,Next Fukushima is your Responsibility
1,#ApaAjaNews Kebocoran Reaktor Nuklir Fukushima Memburuk http://t.co/SJIK3wEDW7
1,2013 Scion iQ Japan to spend $970mn on storing radioactive Fukushima s. Watch Hot Girls at http://t.co/BYHRxerKlh http://t.co/NSe48pnukK
1,Fukushima..... What If?\x0A\x0A#fukushima  http://t.co/caNDPX2VH1,?
1,anyone else worried about fukushima or is it genuinely just me? #japansfucked
1,Las empresas japonesas contratan indigentes para limpiar la zona del desastre nuclear de Fukushima http://t.co/fJ5pOQNe2E
1,A massive expensive and untested wall of ice to keep Fukushima in check? http://t.co/c8rTt90DBL via @HuffPostCanada
1,Q&amp;A: #Fukushima leak problems (8/21 BBC) http://t.co/zpLvXBckAz #jishin_e #nuclear
1,#fukushima Reactor 2: Well water from the seawall 60003 thousand becquerels. http://t.co/Hj7Zcvqgln via @yutakatheblues
1,"Are you new here??!!!  Think #Fukushima is a """"new"""" emergency??  D'oh!!! Wake up!  Shun the propaganda!!! Get up... http://t.co/RQe9fiv4T3"""
1,#Fukushima News 11/5/13: Decontamination Ineffective..Duh;  IAEA Dispatch...: http://t.co/auvydBFjjN via @youtube
1,2 tornades entre Fukushima et Tokyo http://t.co/0Wm8O8uTtf
1,RT @Lawsonbulk: Fukushima fisheries to resume trial fishing after samples prove safe | The Japan Times http://t.co/XbgoEHmBnW
0,Giappone prima turbina eolica davanti alle coste di Fukushima http://t.co/q7yiTSo0vg via @NewsRepublic
1,RT @Epkyrosis: The Demand for a Global Take-Over at #Fukushima has Hit Critical Mass; Harvey Wasserman  http://t.co/t2sVhv2VEm
1,Radiation level spikes at Fukushima plant: Radiation readings near tanks holding toxic water at Japan's crippl... http://t.co/DLQvdeBNGV
1,C'mon boss @JimCameron Save Pandora: pull out the big guns to pressure a real cleanup http://t.co/TIdqXYJShD  #Fukushima #SaveThePacific
1,Some may concern about Fukushima.\x0AThe situation is under control.
1,[News-Noticias]: JAPAN: Radiation readings spike at Fukushima nuclear plant http://t.co/qAjhXMRUbV #bring #company #contaminated
1,RT @fafafava: Amo esta noticia trucha: http://t.co/sI9smjt18z
1,RT @FoReVeR_YuKi16: Japan - Jahrzehnt-Taifun steuert auf Fukushima zu http://t.co/0cN5hCJUfM via @welt
1,Report:  Fukushima overwhelmed with radioactive water - http://t.co/2JvOWhNVDP http://t.co/rQEzIivh7N #AsiaPacific
1,Fukushima: How did we get to this point?: Two years on the situation at Japan's stricken nuclear power plant ... http://t.co/nDR8Q1Y2Eg
1,Will Fukushima Mutate Sea Life? http://t.co/JbcHXdCj7E
1,#Fukushima is out! http://t.co/DqnAN7hSsF Stories via @akaider @GoldHardShell @ex3Tory
1,Gaat nog raar worden daar in Fukushima en dus de rest van de wereld.
0,.@ReFuelReFire @marwhoa HE PLAYS IN JAPAN FOR THE FUKUSHIMA SQUIDCOCKS THATS THEIR UNIFORM
1,Accord pour surveiller Fukushima et Tchernobyl de l'espace http://t.co/TvoOLlmgdC #Science #Technologie
1,Japan in touch with U.S. others on Fukushima water crisis http://t.co/rr8EkIMu72
1,RT @aaalrightythen: The World Community Must Take Charge at #Fukushima http://t.co/zOPfmcgor4 @moveon \x0A#environnement #worldHealth #nucular
1,@AnnoyedGamer At the rate Fukushima radiation is spreading we should also get King Ghidorah Mothra Rodan the whole lot of 'em.
1,FUKUSHIMA USA PREPARES FOR NUCLEAR HOLOCAUST\x0AFukushima killing the Pacific.  Unimaginable. http://t.co/P5HjSE6zEz
1,Current Fukushima Exclusion Zone Map http://t.co/trNpM3JaYj via @safecast
1,Officials in Japan admit that 300 tons of radioactive water from Fukushima is entering the Pacific Ocean eve... http://t.co/QzSMtKOpBc
0,Fukushima Kids with Yumi Kikuchi | Fairewinds Energy Education http://t.co/xruhYh9vwm,?
1,Fukushima aktuell: Mangel an Lagertanks behindert Grundwasserarbeiten http://t.co/j3oBNB2w8l #Japan
1,This 11 minute video shows us everything we need to know about Fukushima! http://t.co/vySTZj9ypF
1,RT @PierreJParent: @freelancemother Fukushima is not yet an #ELE. That is why we need independent task force take over there.
1,SendyRenaVe in fukushima collaboration to heal this perfecture after earthquake 2yrs ago  http://t.co/zBMCXHsa83
1,Power reactors are rarely demolished rather abandoned watchfully left to rot. #Chernobyl and #Fukushima.
1,RT @Dan_B899: USS Ronald Reagan sailors report cancers after Fukushima rescue mission http://t.co/4dkrYB5KQX
1,Japan to spend up to $500 million to fix Fukushima nuclear crisis: TOKYO (Reuters) - Japan is set to pledge up to... http://t.co/gldRuiO2v4
1,Japan PM steps in to deal with Fukushima - http://t.co/iauI1bLV5z http://t.co/JsUwxEcguA
1,The Terrifying Secret Of What Fukushima Is Doing To Us All. http://t.co/vRAJCCmgnI
0,De la Embajada Keicho a Fukushima pasando por San Francisco Javier: Con visita solidaria a Fukushima incluida... http://t.co/qRQ8mbmAqz,?
1,RT @ockhams: #Fukushima Niemand dood en toch is het zo gevaarlijk. Laten we vol voor nucleair gaan.  http://t.co/pT8NqkT1PT
1,Giappone in allerta tifone verso Fukushima - Mondo - ANSA.it http://t.co/RaPMRBwAPf via @ansa_topnews
1,A baby who has two heads was born in FukushimaJapan.
1,Se midio terremoto d 7.1 grados en Fukushima  alerta de tsun (0 puntos) http://t.co/cecsp5bOaz
1,The Gulf oil spill was peanuts compared to the potential worldwide catastrophe posed by Fukushima. Already spreading to the shores of Cali.
1,"La Vanguardia: """"Detectan en un tanque de Fukushima la causa de su fuga radiactiva"""" http://t.co/EDjBFjqCok"""
1,WuA- 12 States Hit With Swine Flu Fukushima News &amp; More : By Susan Duclos Happy New Year ... http://t.co/DamRN0xl4q
1,FAZ:'RWE wil schadevergoeding voor verplichte 3-mnd shutdown kerncentrale door Dld regering na ramp Fukushima' (Duits http://t.co/2c1d0YOShX
1,Fukushima News 10/1/13: Thousands in Japan Suffering Massive And Recurri...: http://t.co/3Qc3W0ajtp via @youtube
1,After 911 there was #Extortion17 then #benghazi now #Fukushima  http://t.co/yHGkrKHh9Q
1,Fukushima still not under control.... http://t.co/pAocB2FBn6
1,RT @socialindepth I would not want to be a worker in Fukushima http://t.co/kMtlCRuor5
1,#Fukushima leak ..... is it a setback for the #Japanese fishermen????\x0A\x0AThere's been another leak at the... http://t.co/O5pyVCmlCU
1,RT@OECD_NEA: Report on the #Fukushima Daiichi #nuclear accident: Response and lessons learnt. http://t.co/i5nn8Sv1JI #OECD
1,Fukushima 'house of horrors'  #NewsPipeline
0,#rejectedyankeecandles #Fukushima Die Off
1,Fukushima Radiation: Is it Safe to Eat the Fish? | EcoWatch http://t.co/RNCMLU0Ziq via @ecowatch
1,Nivel de radioactividad en Fukushima sigue en aumento  http://t.co/5meUow7dAV
1,Holy yikes! http://t.co/CO25u4rmwg
1,Japanese PM Wants Fukushima Entirely Shut Down http://t.co/0aP0UO06MZ
1,Why Fukushima is worse than you think http://t.co/QjtCDHarte
1,#MQBJohnnyVota EPHEDRINE DISINFORMERS The Presidents did not put the shoe on Fukushima Spring for @ RealDatill today for The News &amp; More
1,#Health Fukushima radioactive plume to reach U.S. coast in three years: Sydney Aug. 29 (ANI): A recent study ... http://t.co/tWu6AbRRf9
1,RT @cyfreak: Radioactive mystery steam over Fukushima could mean another meltdown http://t.co/WbMIlB73kM http://t.co/oFeBv4fuIM
1,http://t.co/GI4dpx9zov Gundersen Steam at Reactor 3 coming from hot rubble NOT NEW EXPLOSION (meltdown per TRN) @Blubdha @GoldHardShell
1,4300 TEPCO WORKERS DEAD AS FUKUSHIMA RADIATION STRETCHES WORLDWIDE &amp; BRINGS NEW MUTANT DAYS OF NOAH http://t.co/nRhwpAqvnm
1,Me perguntaram qual a maior MENTIRA em 2013. De pronto respondi: duas a blogueira @yoanisanchez e Fukushima.
1,TEPCO accepts US offer to aid dangerous Fukushima cleanup http://t.co/mKN3yml2xH
1,BBC News - Fukushima nuclear plant still 'unstable' regulator says http://t.co/PypJEGp7Z9
1,AGAIN--&gt;  Leaks in Japan Prompt Call for Overseas Help @scoopit  @BloombergNews #FUKUJAPAN #INVADEJAPANSAVEPACIFIC http://t.co/Ac7hRN8NB4
1,36 Signs The Media Is Lying To You About Fukushima Radiation http://t.co/NVq9JyQoeJ TY @surfeitndearth
1,RT @commondreams: Radiation Levels in Seawater Near Fukushima Spike to Two-Year High\x0Ahttp://t.co/elqGegEa9k
1,Losing Hope in Fukushima\x0ABy Steve Ross October 1st 2013 http://t.co/gSz3aXDgwx
1,What is happening to Alaska? Is Fukushima responsible for the mass animal deaths?: Why ar... http://t.co/fMSIcD2qg7 via @Signs_of_the_Ti
1,90 minutes after #Fukushima's ''DEATH PLUME'' reaches Hawaii it will hit the California coast...(cont.)
1,Ever wonder why you're not reading news about #Fukushima?http://t.co/3bFD9JNK2G\x0Ah/t: HotR comment @ENENews
1,"full decommissioning of the site could take up to four decades""""  #bs #fukuJAPAN http://t.co/DSD3zxmUEU"""
1,Fukushima begins fuel rod removal http://t.co/1lRvRjQKzy
1,Gundersen: All Japan Contaminated - What The Japanese Government Isn't Saying About Fukushima |... http://t.co/tdud0nPT3M
1,Our new #Fukushima #Nuclear Crisis Update is out. Lots of news... http://t.co/Km1lYf57Fh
1,Fukushima Nuclear Fallout Has Damaged the Thyroids of California Babies http://t.co/NEAqpOFEio
1,Some airlines Are Restricting Crews to One Flight a Month due to Dangerous Levels Of Fukushima Radiation... http://t.co/UeuZA65MA1 #NEWS
1,In a sign of reforms to come newcomers snap at heels of Japan's utilities: TOKYO (Reuters) - The Fukushima nu... http://t.co/oDDbhthP6C
1,Paul Pierce Check@ RealDatill EPHEDRINE DISFORMERS/ WITCHES ensure Your Days of Eating Pacific Ocean Fish Are Over post-Fukushima.
1,Gerald Wallace Please see The Presidents did not put the shoe on Fukushima @ RealDatill forthwith for The News &amp; More
1,Record radiation levels detected in well at Fukushima nuke plant\x0A\x0AA record 1.8 million becquerels of beta-ray... http://t.co/MrSsPSeuuI
1,#STOPSECRETBILL #SHOUTOUT \x0A\x0AWAKE UP! JAPANESE PEOPLE! \x0A\x0ADONT FORGET #FUKUSHIMA CHILDREN! \x0A\x0AEVACUATE! \x0A\x0AEND THE #RADIATION EXPOSURE!\x0A\x0ANOW!!!
1,Fukushima Radiation Leak: 5 Things You Should Know http://t.co/adQaynKFPM via @LiveScience
1,The Big Picture -- Fukushima the Great Recession and Other Crises All Caused by Crony Capitalism: Japan Is Being... http://t.co/EsGnbDqylc
1,RT @salzburg_com: Wieder radioaktives Wasser aus #Fukushima geflossen http://t.co/UwDTreyqVf
1,"Why have all the """"major"""" news outlets ignored and neglected to report on #fukushima radiation?"""
1,So Tokyo will host the 2020 Olympics. Their mascot will be Godzilla standing proud over the Fukushima reactor remains
1,Children of Fukushima http://t.co/TI1OT7GzCF
1,Fukushima leak raises questions over Olympic bid - BBC News: BBC NewsFukushima leak raises questions over Olym... http://t.co/0gbnJnMEdL
1,RT @RaccontiScienza: Comprendere la situazione di #Fukushima in 2 minuti http://t.co/kIpb2Xq6n6 #davedere via @lemondefr (video in #FR)
1,@JesusAlvareZz97 mocos contaminados por la radioactividad de Fukushima
0,"hallahhhh ... aihhh malesong !!! RT @Aldriann7: Alah.. Aku rak ndue koyok ngono""""widya_fukushima: dreamweaver tto RT @Aldriann7: Aku rak ndue"""
1,Urgent Warning: Fukushima    Estimate of Situation: http://t.co/lVMGCWmcoS via @youtube
1,Watching @CeciliaVegaABC on @ThisIsFusion touring Fukushima. Amazing!
1,Japan's Fukushima region fishery products banne... http://t.co/mTnZTp6Kas
1,RT @Watermart_: People working at living near Fukushima plant say Abe is in the dark http://t.co/JRFkqE5NBT
1,Beautiful animated short about Fukushima children impacted by lingering radiation. Via @globalvoices http://t.co/WkDW5Skhxe #nonprofit #npo
1,#art &amp; #photography 4 #fukushima #Japan ON #tsunami #anniversary #fukushima2013 THE #facebook #tribute hErE http://t.co/D8KqdMwcJH
1,My other country (or any other) deserves better! Fukushima SNAFU Brings New Agenda For Renewables http://t.co/H31KfpLu4S via @sharethis
1,09.09.2013 - AKW-Ruine Fukushima: Wasserdrama dauert noch ein Jahrzehnt - http://t.co/ARdTF2Q3Ej
1,#Fukushima Prime Talk: What ideas do the world's scientists and engineers have for ...: http://t.co/DM2hbr0Ocm via @youtube
1,FUKUSHIMA: Oceans Of The Dead   (WHAT YOU ARN'T BEING TOLD): http://t.co/LPzL1n6wLm via @youtube
1,"Tepco said it doesn't think that water has flowed into the sea but can't say for sure"""" http://t.co/ANCpbn0CtH #fukushima"""
1,#Japan earmarks $500m for Fukushima cleanup http://t.co/Y3cgip1Tpl #Japan
1,Fukushima Crisis Escalates Tons of Radioactive Waste Released into the Pacific http://t.co/My3pUiuozA via @wpusta
1,RT @Tazatator Uncover #Fukushima: http://t.co/ZOHl7ndSZ3
1,Radioactivity Readings Around Fukushima Remain Stable: A new document officials from the Japanese Nuclear Regu... http://t.co/zKfzGqIv6J
1,Ape Alert: Fukushima Responders Starting To Get Sick http://t.co/37se9Be7TI
1,"Between #ignoring the real disaster at #Fukushima and creating USA #war with #Syria #Obama should be the winner of """"#Douche of the Year""""."""
0,@StarAdvertiser Surely the NOAA will take samples of the carcass. Since we pay taxes the scientific data should be publicized. #Fukushima,?
1,@MikeLoBurgio (cont..) Into English Channel in 2012.It's 580 times more than #Fukushima. Fukushima drains 20~40 trillion Bq in 2yr and 3mo.
1,RT @RenieriArts: @DoYouCareAbout VERY IMPORTANT!  #Fukushima Twitter storm-Friday October 25! PLZ spread the word!
1,Dump It in the Ocean: TEPCO's Plan for Radioactive Fukushima Water\x0A'There's no risk to public health and safety'... http://t.co/9I7x6ePxuH
1,"@noosa_noosa: South Korea bans fish imports from Japan's Fukushima region http://t.co/jyoPrd7Apw"""""""
0,Japan Starts up Offshore Wind Farm Near Fukushima: With offshore wind farm Japan revs up renewables raises h... http://t.co/BpL5RijRuI
1,Four tonnes of radioactive water spilled in Fukushima: The operator of the crippled Fukushima nuclear plant sa...  http://t.co/745ifx214v
1,http://t.co/SB9bOk3nCR #news #fukushima US Navy Sailors Sue TEPCO over Cluster-Fukushima Snafu
1,After Fukushima Disaster Advocates Argue Only Safe Nuclear Power Is None At All http://t.co/Ym1HsbANjq
1,Record radiation readings near Fukushima contaminated water tanks | Reuters -- Too little too late? http://t.co/LR68EoqrnW
1,Radiation spike near Fukushima tanks http://t.co/EoH1ObSgsU
1,RT @OccupyChicago: Japan is exploiting homeless people to clean up nuclear waste at #Fukushima. http://t.co/IwkppyFPjj\x0AVia @AlterNet
1,Fukushima sufre el peor incidente post tsunami http://t.co/Akb5tP1MPy #ambiente
1,"@YahooNews: New leak of radioactive water reported at Japan's crippled Fukushima nuclear plant: http://t.co/iXbLiqaD08"""" Not just H2O. Sr."""
1,Agua http://t.co/Gs8jbeSI5A || Portal de Calidad del Aire - Noticias http://t.co/xtHmJC9yTr
1,Video: Seriously Fuked Now!! Japan Begs World For Help With Fukushima http://t.co/ovIvrxffHL
0,itu yg fotoin @nabilahJKT48 ya? :v RT @officialJKT48: This is when @veJKT48 @renaJKT48 @sendyJKT48 went to Fukushima prefecture.
1,RT @nisfcacm: Your simple tweet can help a lot. Please take few sec to help us &amp; spread it to the world #FIXFUKUSHIMA http://t.co/Ci5ZYYKm1x
1,New post: 5.0 earthquake strikes not far from Fukushima http://t.co/5g93QcLFbR
1,http://t.co/Ym6BC9N6EF\x0AFukushima reactor taken offline http://t.co/bR16kPEP1z
1,Why is nobody talking about this?! http://t.co/GC4PyjC8vC
1,"RT @JimConca: My comment on """"Fukushima Anti-Radioactive Underwear -- Really?"""" @Forbes: http://t.co/S4dnRAizdn"""
1,Fukushima Got You Concerned? Ocean Cleanse Special. http://t.co/IinJrU2h2U http://t.co/ApmBH0Qwc3
1,The Urgent Fukushima Video Everyone Needs to See http://t.co/j6hUbLMYsy
1,RT News: Fish testing at 124 times over radiation limit caught off Fukushima http://t.co/oCT5bvLH5j
0,Doc Wikileaks: Ecuador - Chevron Lies People Die.   http://t.co/8EKPlCcJag\x0A\x0A#Quito Fracking #green Fukushima #Environment #sustainability
1,Reportan nuevas fugas de agua radiactiva en Fukushima http://t.co/jrwWGH23yW
1,EGU2013-14063\x0AIntroduction: geoscientific knowledgebase of Chernobyl and Fukushima http://t.co/mI8ZwLb7pA
1,Fukushima is wreaking havoc on produce along the west coast. http://t.co/hjSsQlNzUQ
1,Fukushima workers start removing spent fuel rods http://t.co/RDVrQcQIJt
1,[Video] Se produce tercer error humano en una semana en Fukushima http://t.co/8maoUKNKTX
1,@justinjm1 remember this\x0A\x0AHave A Nuke And A Smile - The Coke Machines Of Fukushima\x0A\x0Ahttp://t.co/NCgOxVYpnB
1,Fukushima nuovo allarme a lungo termine. Un anno per disinnescare il reattore 4 - Il Sole 24 ORE http://t.co/Vf4A3I9tL6 via @sole24ore
1,Hallan nueva fuga de agua radiactiva en Fukushima http://t.co/xmnkjf6nEq
1,Popular fast-food chain to grow food 60 miles from Fukushima plant - Popular fast-food chain to (cont) http://t.co/jdnPGcLxof
0,Indonesia warns relations with Australia to worsen after spying leak http://t.co/eaCNiG3d7G #Meh #Fukushima REPORT THE REAL NEWS! @Reuters
1,Lol at 2012.In November this year the TEPCO(Tokyo electric power co.)will begin removing the fuel rods from the damaged reactor in Fukushima
1,the best thing ive seen all day-fukushima's new mascot http://t.co/ozkBr6FXBa
1,@microcarpa1 Compelling: New #radioactive plumes from Japan. http://t.co/T71z87H3o7 via @scoopit #Fukushima  (Video w/ English Sub) Must see
1,RT @Atomicrod: Update on Fukushima water leaks - unrepresentative sample used to support fear mongering http://t.co/SafUb7qc9V
1,RT @TheAtomicAge: Fukushima radiation levels hit 2-year high via RT http://t.co/8LL4evoYUL #TheAtomicAge
1,Fukushima SFP#4 - Spent Fuel Rod Removal Has Begun - What Are We Facing -\x0A http://t.co/enxnqXXsnK
1,The scope and extent of the ongoing disaster at Fukushima is slowing starting to sink in...
1,RT @analiensaturn: Toxic Overflow of Thousands of Fukushima Tanks Following Heavy Rains http://t.co/gubiOrkJPa
1,Fukushima leak is 'much worse than we were led to believe' http://t.co/lAHvfTUIY2
1,Fukushima's Water Tanks Flawed Because Of Hasty Construction Workers Say http://t.co/xyL0UrXSVQ via @HuffPostGreen
1,Acidente ocorre com grua utilizada em limpeza da usina de Fukushima http://t.co/uCYu2EOBVb
1,RT @JimUS2013: RT @bcwilliams92: Alaska Newspaper: Concern #Fukushima nuclear waste is tainting our salmon - Worried about impact\x0A\x0A#ccot...
1,http://t.co/h8ZLoGpJHX Pro-Nuke Scientists Should Go to #Fukushima #Sochi2014 #Peoplepower
1,"Als het niet zo ernstig was zou ik zingen """"Wie gaat dat betalen wie heeft zoveel geld?"""" https://t.co/7Sbas1S0Dc #stoptihange #fukushima"""
1,RT @rodewijntjes: RT @ivan_waters #fukushima \x0Ahttp://t.co/2AXLcR7ZaK
1,Costly ice wall around Fukushima reactors to stop radioactive water leaks: http://t.co/tWA2ZjjXeN
1,Tepco to divert $7.2 billion from 10-year capex budget to Fukushima: sources http://t.co/FKSYDxqSBN
1,RT @velosterpilot: Fukushima - A Global Threat That Requires a Global Response http://t.co/C5nrEfDnlx @LC_of_LA
1,@bencubby or radiation from Fukushima. It's making it's way to the California coast http://t.co/i6s3ZVkoJS)
1,If the #keynesian economic model (broken window fallacy) is correct - #Fukushima is a freaking #gold mine!
1,RT @HumanRightsAnon: Radioactive leaks top priority at Fukushima: nuclear watchdog http://t.co/qjmWPTbCQc
1,Slight name problem for the new mascot designed to rehabilitate the image of Fukushima. http://t.co/jBNi9nISvf //  is this real?
0,Fukushima beschleunigt Prozess: Schweizer Energieriesen stehen vor der Umwandlung http://t.co/4OWOfdjhuu  @axpo @bkw #energie #energy
1,Las barreras submarinas de Fukushima para impedir filtraciones radiactivas no funcionan
1,#europa Fukushima: Berging van splijtstofstaven opnieuw begonnen - Knack.be: Knack.beFukushima: Berging van sp... http://t.co/ycSAZZNWjf
1,Fukushima: Palco do momento mais perigoso para a humanidade http://t.co/XPsefqNcYj
1,[JOIN] Yuria Masana Nishishi interact with children from Fukushima disaster http://t.co/UITXam9INl
1,Train Picture -- Japan Photo -- National Geographic Photo of the Day - http://t.co/GruCaXOEk8 via @Shareaholic
1,Fukushima water leak risk exaggerated: Japan watchdog http://t.co/yaO8yK3Lk9 #news #fukushima
1,TV: Fukushima confirms nightmarish potential of nuclear power; Public living with threat of worst-case s... http://t.co/bmXPqRzwdA #news
1,Dangerous Phase: Fukushima's radioactive fuel rods to move to safe storage: http://t.co/esjXRs5zDQ via @youtube
1,Al Jazeera on Fukushima http://t.co/UyvpjLaV4r
1,So...what's this about the Fukushima plant dumping 300 tons of contaminated water into the ocean daily? That's terrifying.
1,Japan says Tepco to retain control of Fukushima site - http://t.co/XRF7JYbS4P via http://t.co/adfiTsO0FJ
1,As Fukushima radiation rages Tokyo awarded bid to host 2020 Olympics named the 'Safe Games' http://t.co/z5QgnRinZr via @HealthRanger
1,@Shadyflwrs they are too worried about Syria.  Now this shooting thing in Washington!!  Yes Fukushima is the priority.
1,"Law at the End of the Day: Yuta Kawashima on """"Post-Fukushima Nuclear World: P... http://t.co/m2L0DxJKIz"""
1,6 personas que trabajaban cerca de la planta nuclear #Fukushima han sido expuestas a radioactividad por error http://t.co/AsOIiXndRg
1,Fukushima is INES level 3 today...no not the wayback machine... #Fukushima
1,http://t.co/BKdV3LOTH4
1,@DylanRatigan  Fukushima: Omission of News is a Sin: 98% of sealife near Santa Barbara shore DEAD http://t.co/57EKjvVHOU
1,RT @AFPTokyo: Firms eye power generation in post-#Fukushima #Japan (#AFP) #auto #electricity #energy #Toyota http://t.co/d1SqCVUT2w
1,Releasing radioactive water an option for Fukushima? http://t.co/BqgdPpxA4L LETS JUST NUKE JAPAN  THEY ARE KILLING THE OCEANS &amp; ITS LIFE
1,All Aid Japan: Fukushima worker accidentally switches off cooling pumps backup kicks in http://t.co/lc3ULUVyPe
1,USS Ronald Reagan sailors report cancers after Fukushima rescue mission - Democratic Underground http://t.co/g33RuQJQGo
1,WHALES ARE GONE!! #fukushima \x0Ahttps://t.co/UvH6oF0zPN
1,http://t.co/As8R7bYSta #Fukushima
1,#toxic Fukushima: coming clean: Editorial http://t.co/xrswC0Z9yQ *toxic for millennia perma-meltdowns
1,Japan #nuclear agency urges 'drastic steps' at #Fukushima (from @AP) http://t.co/15JHT2NzYn
1,Document: #US Invite to #Fukushima #Daiichi NPS Remediation in Fukushima Guides: #FuKu http://t.co/90MkJWBiI6 @wikileaks_forum
1,#Fukushima Pref verifying #thyroid check results of under 18 at time of #nuclear accident 26 diagnosed cancer so far http://t.co/bzll5p0bAQ
1,Radiation Levels At Fukushima Soar By Over 20  In Three Days  Hit 2 200 mSv And Rising http://t.co/ijhprIixRw
1,"RT""""@sendyJKT48: Link to https://t.co/9vYqWDPKzt . Ini foto waktu di fukushima  bagus ya bunganya ^^ http://t.co/SF4t6bJJvW"""""""
1,@JulienChieze radioactive? #Fukushima
1,Tutte le bufale su Fukushima http://t.co/di3BzSGxgA via @wordpressdotcom
1,Yes America Fukushima IS a BIG Deal http://t.co/ItVWVv4nCE
1,#Fukushima - China Closes Doors To All West Coast Shellfish Imports: http://t.co/U8ftHinDrK via @YouTube
1,RT @DebtTrut: #FUKUSHIMA - CRITICAL -- ONE MINUTE OF YOUR TIME FOR THIS ***CRI   http://t.co/1CAA09xvJM   (cont) http://t.co/VQoY65Bkld
1,RT @rapplerdotcom: Groundwater radiation levels spike at crippled Fukushima plant http://t.co/YM8MSuZQth
0,RT @TOKYODANDY: #wolverine Japan premiere! Congratulations and thank you @rila_fukushima !!! http://t.co/hSPx1lnpCd
0,@pammystargirl vem correndo pq a fome ta grande
1,"http://t.co/XPTxurzfRE Regulator raps Fukushima operator over """"unreliable"""" data"""
1,RT @GMANewsOnline: Japan to spend up to $500-M to fix Fukushima nuclear crisis http://t.co/ZYQllW11uC
1,Aplazan la primera retirada de combustible gastado en Fukushima: La operadora de la central nuclear de Fukushi... http://t.co/ht9IC7Fofc
1,#Fukushima Revisited Dr Kaku Fukishima Daiichi is TICKING TIME BOMB http://t.co/QW6DFdn3Cj via @scoopit
1,Fukushima Politics http://t.co/fIrG7VgSYQ
1,"El cruel destino de los """"50 de Fukushima"""" http://t.co/H7Njq7Lk2J"""
1,RT @igeldard: Why TEPCO is Risking the Removal of #Fukushima Fuel Rods http://t.co/gOUuxj09r6
1,You know there are possibilities of an issue replaying it again or in this case the Fukushima radiation if... http://t.co/DrMVkdr5u0
0,Karakter Ramen Membuktikan Fukushima Mempunyai Hal Lain Selain Tragedi Nuklir http://t.co/DMXyNvCUN0
0,Se fosse namorado iria assumir!!
1,#Fukushima News Roundup; December 12 2013 http://t.co/sIPyndkK3y
1,Fukushima Daiichi Reactor 3 explosion original  #FUKUPPY #DEAREMPEROR #FUKUJAPAN #TEPCO #Fukushima  @mpgarza2012 http://t.co/PopNJ9A9Jo
1,How to Reduce Your Risk of Radiation from Fukushima http://t.co/lYnCK5ZUIC via @grtvnews
1,This should be headline news not Rob Fords latest rediculous antics:\x0Ahttp://t.co/zRwClMaCVE
1,West Coast radiation from Fukushima disaster poses no risk experts say http://t.co/aPZcQyiTfV
1,Two year high on radiation levels. :/ Fukushima Japan.\x0Ahttp://t.co/FKsDFuKFJV
1,Detectan cesio radiactivo fuera del puerto de la central de Fukushima http://t.co/yQGd9CIvMg
1,via @jakartamerah: Gawat.. Badai Wipha akan Terjang PLTN Fukushima http://t.co/oSIeEekjl3
1,Exclusive: Tokyo 2020 sends Fukushima letter to IOC members - http://t.co/AhZw08wqH8 -  http://t.co/WaT3xC2o0f
1,Viral: Special Report: Japan's homeless recruited for murky Fukushima clean-up http://t.co/m912YwZFwk reuters #special
1,RT @WTFukushima: Japan's Offshore Wind Power Rises within Sight of #Fukushima Nuclear Plant http://t.co/95IAgL8hSH
1,POWERFUL 7.3 EARTHQUAKE STRIKES NEAR JAPAN'S CRIPPLED FUKUSHIMA NUCLEAR SITE FRIDAY (OCT 25 2013) http://t.co/3hlQpFMvd6
1,Just How Dangerous Are the Fukushima Leaks  http://t.co/UcLrH6HKuN
1,WATCH: David Suzuki's dire warning over Fukushima http://t.co/A8VHyjjBJk via @huffpostbc
1,Confirma central de Fukushima que seis de sus trabajadores han sido afectados por radiactividad: http://t.co/aMxG5NPKs5
1,Filmmaker Robert Stone Other Pro-Nuke Advocates Should Make Expedition to Fukushima | Common Dreams http://t.co/e851cJ6jwL
1,New nuclear disaster possible as Fukushima plant leaks radioactive water Japan watchdog says: J... http://t.co/8Nz1thoxLv #vancouversun
1,RT @justinmccurry: Some spent fuel rods at Fukushima were damaged before 2011 disaster http://t.co/vcpHaagvZH via @reuters
1,Fukushima nuclear rods to be removed http://t.co/MGXaLLF3Rl
1,#monogatari EPHEDRINE DISFORMERS/ WITCHES ensure Your Days of Eating Pacific Ocean Fish Are Over post-Fukushima. Check@ RealDatill
1,We know it's bad - but how bad?\x0A\x0ABadder than bad.... ten days ago\x0Afrom this writing the sardine fishery \x0Aof... http://t.co/IvrdZdo6xL
1,Central Coast officials dispel safety concerns following a study on radioactive materials from Fukushima ... http://t.co/XpahRFzF3e
1,Earless bunnies were born in Japan after the Fukushima Nuclear Disaster. http://t.co/YplTnF9fuQ
1,Sending Peaches from Fukushima to the World - Oh Boy http://t.co/3VMonbPq8B
1,RT @fukushimanewsen: TEPCO Downplays Huge Risks Involved in Removing Fukushima Fuel Rods http://t.co/67Okriq4Ik #news #fukushima
0,@remybigot tout va parfaitement bien.\x0ATu veux un peu de #Fukushima pour accompagner sa soupe ou bien des sacs en plastique Carrefour ?
1,Radiation count in Philly. Average 44 CPM High 69. Paying attention to Fukushima Fallout?!
1,Japan and its problems #fukushima
1,Fukushima operator starts dangerous fuel-rod removal http://t.co/0RFu2QIFm1 via @YahooNews
1,http://t.co/G5yLIvHGsW... http://t.co/eEvA0D6f7B
1,"1/9/14 BREAKING: Earthquake 6.0 Hits Crippled Fukushima Japan"""" http://t.co/cDQhxjT1wD via @youtube"""
1,Petition: Fukushima: A Global Solution to a Global Threat http://t.co/2EBUZAITxj
1,"http://t.co/VmxKRAu3s5 """"Please Dr. Suzuki don't jinx it!"""" earthquake could potentially spark decimation of Japan and evacuation of West US."""
1,"Letting Tepco """"Clean Up"""" Fukushima Is Like Letting a Murderer Do Brain Surgery on a VIP http://t.co/WLZ6Z9tvA0"""
0,impianku ke kamu ternyata terlalu tinggi yaaaaa. #gakesampaian
1,"Als reactor 4 in Fukushima instort wordt leven op aarde weggeveegd"""" - Buitenland - De Morgen http://t.co/Ww3n3pw4FT via @DeMorgen"""
1,TEPCO to begin removing nuclear fuel rods at #Fukushima http://t.co/kXCzCxi3Tg
1,"Tepco Has Lost Control"""" - What Is Really Happening At Fukushima In Four Charts http://t.co/rjpHQ94f26"""
1,FYI #Fukushima #3 melted down in 3/11 already. Not melting now. Conditions have nt changed. Steam for years. Just nuttiness. #nuclear
1,YOU are invited: MARCH 11 2014 #FUKUSHIMA #NUCLEAR #MELTDOWNS AWARENESS EVENTS.... \x0AFUKUSHIMA:... http://t.co/q3DexIqFXj
1,TEPCO starts removing fuel rods: Operators of the crippled Fukushima nuclear plant in Japan will begin the dan... http://t.co/ireKH0EydY
1,What replaces nuclear power plants?  Coal. http://t.co/1qvrdSqK14
0,@TIMENewsFeed another thing the Japanese says it was born in a Fukushima industries made refrigerator not a refrigerator in Fukushima.
1,RT @MaggiePriceless: 28 Signs That The West Coast Is Being Absolutely Fried With Nuclear Radiation From Fukushima | http://t.co/b3BhlAFz2k
1,Despair in Fukushima... http://t.co/TE5o01Yw7I
1,Oct 17 2013 13:31:53 JST Off the coast of Fukushima Depth: 40km Mag.: 5.3 JMA Scale: 3  http://t.co/RWlKez1bEF #earthquake
1,Emergenza nucleare Fukushima reattore nucleare 4 sta affondando | Le Notizie di Angelo... http://t.co/BSwf6mND6X
1,@Lckn48 @sijabat71 yes.. Take nuclear from fukushima nuclear reactor.. :v
1,Removal spent fuel = make annoying for fukushima. ~ hirosima syndrome
1,Call for global action on Fukushima http://t.co/KqQ2u8cSPu this is a threat to EVERYONE guys please sign!! #BanNuclear
1,EXCLUDE TOKIO OLYMPICS 2020 BOYCOTT #FUKUSHIMA Help Japan !! Help the Japanese !! #EVACUATE CHILDREN BABIES KIDS.. http://t.co/CTwxt3GiOb
1,"We Want to Fight For This Cause"""": Nuclear Refugees from #Fukushima Join Anti-Nuke Protests http://t.co/9RSahJW0rF"""
1,The tightly packed rods together contain 14000X the radiation released by the Hiroshima bomb #Fukushima @yesmagazine\x0Ahttp://t.co/dVqqsPaHta
1,RT @codepinknyc: HORRIFYING: Vast amounts of radioactive water creeping towards the Pacific http://t.co/vfQvajxu4u via @TPM #Fukushima
1,@bannerite @Valerie0714 http://t.co/JSDU3KsCJ1
1,Coming back to my hometown Koriyama and then heading to Radio Fukushima todaaaay!! GawGaw!! http://t.co/XUbikVSid7
0,I hate it when people say smoking weed is bad cause I'm like ya so is the fluoride in our water that's guna give us all cancer..Or Fukushima
1,RT @teewan1: Fukushima crisis 'has not ended' http://t.co/6NsNlSF4RQ
1,Pay attention to this news - Fukushima leak is 'much worse than we were led to believe' http://t.co/IQ5ObsZ5a0 #ActNow #Crisis #Emergency
1,First they poison the Pacific from sheer ineptitude then hire homeless people to go into Fukushima now killing dolphins. Japan FOH
1,http://t.co/4VESaHdwxl
1,Tepco sidelined by Japanese government as Fukushima reactors leak radioactive water: The Japanese government has.. http://t.co/x1I1zdJMbR
1,#nieuws Lek bij kerncentrale Fukushima formeel 'ernstig' genoemd: De Japanse nucleaire waakhond heeft woen... http://t.co/QXCP2sZrLL #nu
1,RT @LEMVet: 28 Signs That The West Coast Is Being Absolutely Fried With Nuclear Radiation From Fukushima http://t.co/7A8ZGiluOm #NoNukes
1,Farmers harvesting rice &lt;20km from Fukushima nuke meltdown. This is contempt for common sense at a criminal level http://t.co/rUTXnvB9TL
1,Japan angered by French Fukushima cartoon http://t.co/XcLv7eIaDq
0,At least 17 dead 50 missing as Typhoon Wipha grazes Japan - ABC Online: CTV NewsAt least 17 dead 50 missing ... http://t.co/mXCeNtLnWS
1,Fukushima: There may be no more time http://t.co/IqzzHc9lWl
1,2013-11-16 @ 11:00pm Avg Background Radiation levels | CA 13.3 | NV 16.6 | UT 13.1 uR/hr  #Fukushima #Japan #Meltdown
1,Would love to hear a tenured Professor (Nuclear Engineering) provide an opinion on state of #Fukushima.
1,Important! Canadian Fukushima Radiation Updates (Video) http://t.co/6Wl5POZWBU via @BeforeItsNews
1,Im scared to eat seafood now.i feel like all fish got Fukushima on it...
1,New high-radiation spots found at quake-hit Fukushima plant http://t.co/w46Mk5HqDk
0,. #Quark @Elhuyar eko saioan #Fukushima ren inguruan ari dira #zientzia http://t.co/PjUwJRqTEH,?
1,Fukushima nuova fusione in corso? http://t.co/mSrjjGi5PR
1,Most of the Fukushima radioactivity will shift from the western to the eastern North Pacific during the next 5 years #PICES2013
1,De muy mal perder y mal gusto utilizar la tragedia de Fukushima para atacar la eleccion de Tokio para el 2020. Gente retratada...
1,#Fukushima Nov 26 19:00 Temperature 6C light showers Wind NW 9 km/h  Humidity 70% Japan .. http://t.co/ais8etPsn6
1,Radioactive groundwater at Fukushima nears Pacific http://t.co/TPRY3JwJ4r
1,Radioactive Waterways originating from Fukushima. http://t.co/hAmB0Qn65r
1,Plse RT: #Fukushima threatens 15000 Hiroshimas. Tell @ObamaNews to redirect $8.3 b from new nuke plants to this crisis.
1,Fukushima horse breeder braves high radiation levels to care for animals http://t.co/NveKILE7pE
1,RT @VZLA_SISMOS: Un terremoto de magnitud 53 vuelve a sacudir la central nuclear de Fukushima http://t.co/aMuPPYCwB0
1,Most dire threat 2 humanity EVER! OpEdNews - Article: Powerful Presentations on #Fukushima and Nuclear Power - http://t.co/25RKQeVP5f
1,RT @stihlhead: #fukushima residents furious with #abe'spromise that no-one's health affected by #Fukushima disaster http://t.co/Oxqd61JAs3
1,All The Best Scientifically Verified Information on Fukushima Impacts http://t.co/Xj2h9zMfkG via @deepseanews
1,Fukushima Radiation Still Leaking Into Pacific Ocean http://t.co/FIdugI9lBI via @Exposing4Truth
1,RT @veterantraveler: It's definitely an island. Japanese Mafia paying slave wages to homeless to clean up #Fukushima  http://t.co/teemT3bU77
1,Aplazan la primera retirada de combustible gastado en Fukushima http://t.co/L0yvYMWT4w
1,@Fightin_Gobbler @Brauckie_Talkie I'm safe here thank you for asking! I'm 1.5K km south of Fukushima. I hope everything's alright up there!
1,Japan readies additional $30 billion for Fukushima cleanup: sources: (Reuters) - Japan's government is finaliz... http://t.co/jflwvqeW7M
1,@ericgonzalez Well we know TESCO has been lying about Fukushima since day one. That was documented earlier this year.
1,#Fukushima #Nuclear #NUKE IGNORANCE BUSTERS... \x0AStop by Scroll Down and Share.... We are the Media now.... so be... http://t.co/QPANPVx9lk
1,Lifetime drivers risk of death from car accident is equal to risk of cancer from lifetime exposure to 10x background radiation.. #fukushima
1,Top story: Generic Calendar/Clock - Countdown to Nov 17 2013 8:00 PM in Tokyo http://t.co/PwxVFCHQob see more http://t.co/FchHy4JZ6D
1,Fukushima Plant Fuel Rod Removals to Begin Today Tepco Says - http://t.co/XIeZAYn080**
1,.@WHALES_org but you have already ruled out Fukushima and argue w me that it's natural. Shame on you.
1,Fukushima ecco il video della perdita di acqua radioattiva - http://t.co/Z8Xozxyd8E #fav #news #rt #ff http://t.co/KK0bCRWBt2
1,Fukushima Has Been Leaking Radioactive Water into the Pacific (Again): Officials from the Tokyo Electric Power... http://t.co/Iv7t4Opqne
1,Japan to begin removal of fuel rods from Fukushima plant http://t.co/woEyJ6y87t
1,"#Fukushima accident and separate it from the company's regular power generation mission."""" 2/2\x0AVia @AFP"""
1,Hmmm...thinkin abt headin east but that'd work too #Fukushima #meltdown RT @DarinRMcClure @WaldenE @MosesHawk San Clemente Argentina Anyone?
1,RT @roche_philippe: #fukushima far exceeds #Chernobyl\x0A\x0Ahttp://t.co/mivcYfsRIQ
1,As bad as 1-27 are the biggest scariest one is number 28. #Fukushima #radiation #PacificOcean\x0A\x0Ahttp://t.co/mr4wwNgunt
1,I told you so. Rs\x0A\x0Ahttp://t.co/TKZPnOvryd http://t.co/FgsjnbsCyY
1,Fukushima--beyond urgent: Eleven minute piece on the ongoing calamity and future horrors of Fukushima. Yet a... http://t.co/YoMZWFxJ8i
0,RT @WTFukushima: Japanese chef brings taste of #Fukushima to France http://t.co/cV7eGU5c0C
1,As Fukushima continues to leak radiation protect yourself with Bentonite Clay\x0A\x0A http://t.co/DbL7GBxIIU
1,@KristofTO So many critical events are happening simultaneously like #fukushima and #climatechange. We've ignored it for so long its / cont
1,Just saw this on Amazon:  by  for  http://t.co/oaNDQiMIa3 via @amazon
0,#Fukushima Dec 29 05:00 Temperature 0C Wind NW 15 km/h  Humidity 71% Japan .. http://t.co/HYwANwDkqV
1,After Fukushima accident a #radioactive  plume circled the earth \x0A1st stop~West Coast US\x0AResult?\x0A#Hypothyroid  babies\x0Ahttp://t.co/uJqZD7epri
1,[REUTERS] In start of long operation Fukushima removes first fuel rods (06:47pm JST) http://t.co/VRatL6jfUH
1,Post-Fukushima Report: Concern over Plutonium and Uranium being deposited \x0Ahttp://t.co/mGKAFgICRE
1,Fukushimako sei langilek kalteak izan dituzte ur-isuri baten ondorioz http://t.co/XSTwkbCFBM
0,@PMgeezer 396- (IBD) #ObamaCare Is A Health Care Fukushima: 129 Million To Lose Their Plan http://t.co/jvbNmWHKAo
1,http://t.co/NqgD6BbUmI
1,Sept. 30: Economic Effects of Emergency Risk Communication: Evidence from the Fukushima Daiichi Nuclear Disaster http://t.co/JWFaF0IWst
1,Comment.on @RT_com &amp;.Internet blogs \x0Adiscussing.possibility of cracks &amp; smoke &amp; steam\x0Acoming out of the ground at #Fukushima \x0A@specialnoknow
1,URGENT- STEAM EMANATING FROM FUKUSHIMA REACTOR # 3 -  POSSIBLE RADIATION CLOUD WITHIN 3 TO 5 DAYS\x0A http://t.co/bXEhWHOywQ via @sharethis
1,Fukushima: pas de poursuite criminelle contre les dirigeants de Tepco http://t.co/oNwaIK0HPk via @FRANCE24
1,The World Community Must Take Charge at Fukushima http://t.co/7F1NXMosAw @moveon
1,RT @FukushimaMnpo_b: Fukushima Daiichi plant leaks 120 tons of contaminated water \x0Ahttp://t.co/tGhOVZoVZ1,