0, Destruction of heritage sites in Syria raises questions about cost of democracy http://t.co/x7umYu5d #Occupy #OWS #occupywallstreet #Occu¥Ë_
0, NYC forecast OVERnight: Partly cloudy. Low temp: 58F.  #OccupyWallStreet #p2 #tpp
0, NYC forecast this afternoon: Sunny. High temp: 90F.  #OccupyWallStreet #tpp #sgp
0, Link: These Cities Will Be Underwater in 100 Years http://t.co/ADBzwAgD1a #Occupy #OWS #occupywallstreet #OccupyHQ #GrassRoots #USA #US...
0, Vietnamese dissident's lawyers face obstructions ahead of trial http://t.co/IMmh8u4kwG #Occupy #OWS #occupywallstreet #OccupyHQ #GrassRoots
0, Andrew G. Curtin http://t.co/e1d1KmrVLw #Photo #Selfie #Occupy #OWS #occupywallstreet #OccupyHQ #GrassRoots
0, NYC forecast Wed 1/30/13 night: Thunderstorms. Low temp: 45F.  #OccupyWallStreet #GlennBeck #tcot
1, Alex Schaefer Burns Banks http://t.co/SGcxtirVgl #Occupy #OWS #occupywallstreet #OccupyHQ #GrassRoots
1, Study: Economic Inequality Will Lead to the Downfall of Civilization http://t.co/PynyzT9UkQ
0, Fishy's Dome - a special slideshow http://t.co/34mJbGlzCx #Occupy #OWS #occupywallstreet #OccupyHQ #GrassRoots
0," And The CME Breaks (Due To """"Technical Issues"""") http://t.co/LivrbCs4LN #Occupy #OWS #occupywallstreet #OccupyHQ #GrassRoots"""
0, NYC forecast Mon 7/7/14: Sunny. High temp: 88F. Get smart: http://t.co/JvUtTS6x5j #OccupyWallStreet #sgp #p2
0, PREVIEW: The Death of Bin Laden Revisted - Nightly News 6-2-14 http://t.co/T3le9MLHwG #Video #Occupy #OWS #occupywallstreet #OccupyHQ #...
0, IRS Rules Bitcoin is Property and Subject to Capital Gains Tax http://t.co/2MYH8Gy4DQ #Occupy #OWS #occupywallstreet #OccupyHQ #GrassRoots
0, Confessions of a Juiced Journalist http://t.co/snvTA2fA #Occupy #OWS #occupywallstreet #OccupyHQ #GrassRoots
0, OWS Kitchen nostalgia - submitted by  Curds_and_Whey   [link] [comment] http://t.co/lZijEbum
0, NYC forecast Sat 7/12/14 night: Partly cloudy. Low temp: 68F.  #OccupyWallStreet #tcot #p2
0, NYC forecast Fri 2/21/14 night: Rain. Low temp: 38F.  #OccupyWallStreet #TopProg #GlennBeck
0, Israel v. Gaza: The Big Picture http://t.co/yMeCuh2cWj #Occupy #OWS #occupywallstreet #OccupyHQ #GrassRoots #USA #US #Canada #Europe #P...
0, NYC forecast Sun 10/20/13 night: Mostly clear. Low temp: 45F.  #OccupyWallStreet #tpp #GlennBeck
0, Secretive Turkish Movement Buys U.S. Influence http://t.co/tNnEdONvsY #Occupy #OWS #occupywallstreet #OccupyHQ #GrassRoots #USA #US #Ca...
0, NYC forecast Sat 3/9/13 night: Mostly cloudy. Low temp: 35F.  #OccupyWallStreet #tcot #tcot
0, NYC forecast this afternoon: Sunny. High temp: 78F.  #OccupyWallStreet #p2 #tpp
0," You can now buy custom #NYC street signs from the DOT. May we suggest """"#OccupyWallStreet""""? http://t.co/ovAwA45eIR"""
1, Jesse Jackson    Calls for Symbolic Protest     From Clippers Players http://t.co/qPxm487L7N #Occupy #OWS #occupywallstreet #OccupyHQ #...
0, At Brussels conference UN stresses need for dual-track approach to stabilize Mali http://t.co/oWX4vgly #Occupy #OWS #occupywallstreet #...
1, #OccupyWallStreet Gives NYPD Perfect Excuse To Crack Down On Elderly Veterans: http://t.co/eFDuiwCtp6
0, Colombia: Justice and Peace Law is a failure experts say http://t.co/EWr6J0suIF #Occupy #OWS #occupywallstreet #OccupyHQ #GrassRoots #...
0, Soil Association has disowned 'O word' say resigning trustees http://t.co/AcewNnGymK #Occupy #OWS #occupywallstreet #OccupyHQ #GrassRo...
1, Culling the Human Herd in the 21st Century http://t.co/GVrQf8qfyf #Occupy #OWS #occupywallstreet #OccupyHQ #GrassRoots
1, All our support to our brothers and sisters at #OccupyGezi and #reoccupy at #zuccotti #OccupyWallStreet from\x0A#YoSoy132
1, Our May 24 GA Will Be at Reid Park http://t.co/MBYjjuWEyb #Occupy #OWS #occupywallstreet #OccupyHQ #GrassRoots #USA #US #Canada #Europe...
0, UNHCR Urged to Prevent Refugee Joournalist's Expulsion from UAE http://t.co/LfTPILsLiS #Occupy #OWS #occupywallstreet #OccupyHQ #GrassRoots
0, New Corvette Spytech Records Conversations http://t.co/EjOHmqdzOw #Video #Occupy #OWS #occupywallstreet #OccupyHQ #GrassRoots #USA #US ...
0, If #HilaryClinton runs 4 president which #Hilary will it be? Caring or killing?http://t.co/SyAoY4wqTz #olsx #teamsters #occupywallstreet
0, Is Japan The Next Economic Domino To Fall? http://t.co/yID95Y4nva #Occupy #OWS #occupywallstreet #OccupyHQ #GrassRoots
1, Dear US State Department: YOU HAVE NO MORAL AUTHORITY TO TELL OTHER COUNTRIES HOW TO TREAT PROTESTS OR OCCUPATIONS! #occupywallstreet
1, [RT]Occupy Together - Jefferson Airplane Revolution/Volunteers: http://t.co/iifxVrSisl OccupyWallStreet OCW... http://t.co/2YZVebSPiM
0, Politico: Rand Paul Marco Rubio differ on Iraq action http://t.co/fha6GCMiLY #Occupy #OWS #occupywallstreet #OccupyHQ #GrassRoots #USA...
0, NYC forecast Fri 5/8/15 night: Mostly cloudy. Low temp: 60F. Get smart: http://t.co/JvUtTROWdL #OccupyWallStreet #tlot #tlot
1, Banky W: From 'Occupy Nigeria' to R&amp;B - BBC News http://t.co/0j1OW0JY #Occupy #OWS #occupywallstreet #OccupyHQ #GrassRoots
0, NYC forecast Tue 5/5/15 night: Rain. Low temp: 60F.  #OccupyWallStreet #teaparty #p2
1, @AllianceBL Give the banks the tab on some of this debt!\x0Ahttps://t.co/aPAA6el7fb  #Budget2015 #occupywallstreet
0, Will banning high-powered kettles and hairdryers help climate change efforts? http://t.co/q2FSUjPC6H #Occupy #OWS #occupywallstreet #Oc...
0, Fined for Fraud: JP Morgan agrees to pay record $13bn to settle charges over toxic mortgages http://t.co/2wRFVQflqf #occupywallstreet
0, Shooter in Moncton N.B. Canada. phone report part 4 http://t.co/VHFBsgjLuA #Video #Occupy #OWS #occupywallstreet #OccupyHQ #GrassRoots...
0, 6 Reasons To Question and Investigate 9/11 on the 13th Anniversary http://t.co/EpEwzEjBFj #Occupy #OWS #occupywallstreet #OccupyHQ #Gra...
1, Government privatization supports inequality http://t.co/Th1rwuM0 #Occupy #OWS #OpESR #OccupyHQ
1, Welcome Back Lobbyists: Obama Saved You a Seat on Capitol Hill http://t.co/IR7vkfT5YZ #Occupy #OWS #occupywallstreet #OccupyHQ #GrassRo...
0, How surveillance cameras will soon be reading lips http://t.co/nuwjOMaBao #Video #Occupy #OWS #occupywallstreet #OccupyHQ #GrassRoots #...
0, Rand Paul's Woman Problem http://t.co/iYPN6u6q33 #Occupy #OWS #occupywallstreet #OccupyHQ #GrassRoots
0, UNHCR condemns deadly attack in Homs on collective shelter http://t.co/OKD2w4lOQs #Occupy #OWS #occupywallstreet #OccupyHQ #GrassRoots
0, NYC forecast Wed 7/9/14: Thunderstorms. High temp: 88F. Get smart: http://t.co/L4w8nYQDPr #OccupyWallStreet #ocra #teaparty
0, Rat Meat Sold as Lamb in China http://t.co/4PBxuZms94 #Occupy #OWS #occupywallstreet #OccupyHQ #GrassRoots
0, GunFAIL IX http://t.co/3n8SN6Kx8z #Occupy #OWS #occupywallstreet #OccupyHQ #GrassRoots
1, The Working Poor: Welcome to Walmart! http://t.co/0MMZa5qZqe #Occupy #OWS #occupywallstreet #OccupyHQ #GrassRoots #USA #US #Canada #Eur...
0, NYC forecast Mon 7/14/14 night: Thunderstorms. Low temp: 72F. Get smart: http://t.co/Ud6WsgS8uQ #OccupyWallStreet #TopProg #GlennBeck
0, @MaddowBlog:How #Romney's Agenda Reeks of Bush-Era Radicalism Turned Up a Notch 
0, NYC forecast Wed 5/6/15 night: Rain. Low temp: 55F.  #OccupyWallStreet #p2 #sgp
0, Green groups accused of trashing Queensland's reputation overseas http://t.co/p2oV85eftW #Occupy #OWS #occupywallstreet #OccupyHQ #Gras...
0, #NoamChomsky #quotes: http://t.co/QgtKHltZ #MyManatee #OWS #OccupyWallStreet
1, why does Santa give more presents to rich kids? #OccupyWallstreet #wearethe99percent #perpetuatingpoverty
0, 2013 il #M5S e' movimento mondiale osservato anche da #occupywallstreet. Nel 2014 andremo #OLTRE. #V3DAY Micah White http://t.co/P1hQIPpBtO
1, From Texas to Appalachia Putting Our Bodies on the Line http://t.co/2lWg5zwZc7 #Occupy #OWS #occupywallstreet #OccupyHQ #GrassRoots
0, RT @ShugdenLibrary: Dalai Lama the slave owner - http://t.co/TyXNjeVSdH #DalaiLama #LamaGate #OccupyWallStreet
1, These include the contradictions between democracy and centralism; between the leadership and the led;  #OWS #occupywallstreet
0, Global May Day Protests Against Austerity and Deaths of Bangladeshi Workers: http://t.co/9tu6JKTiFN via @youtube #ows #occupywallstreet
1, Decolonizing Pipeline Resistance: Interview with Freda Huson http://t.co/xhuNFAaUBr #Occupy #OWS #occupywallstreet #OccupyHQ #GrassRoots
0, NYC forecast Thu 5/7/15 night: Mostly cloudy. Low temp: 60F.  #OccupyWallStreet #tpp #TopProg
1," #winning MT @GayPatriot: """"Funny how #OccupyWallStreet are anti-American communists but #OccupyHongKong are anti-communist pro-democracy"""""""
0, May Day 2013: LA Schedule http://t.co/EjUHS1l8FQ #Occupy #OWS #occupywallstreet #OccupyHQ #GrassRoots
0, Kelly Thomas Verdict: Cops Now Have License to Murder - http://t.co/4UVR3l0SHz #filmthepolice #anonfamily #opsafewinter #occupywallstreet
0, RT @HQOccupy: Sudanese Traders Killed in South Sudan Ambush http://t.co/YiNlIP7kfy #Occupy #OWS #occupywallstreet #OccupyHQ #GrassRoots
0, NYC forecast Wed 7/9/14 night: Thunderstorms. Low temp: 72F.  #OccupyWallStreet #ocra #TopProg
0, Iran: Two Ahwazi Arab men risk imminent execution http://t.co/OxcIEkmoUi #Occupy #OWS #occupywallstreet #OccupyHQ #GrassRoots
1, The Un-Retirement of an Amateur Activist http://t.co/AiI6kfZvFh #Occupy #OWS #occupywallstreet #OccupyHQ #GrassRoots #USA #US #Canada #...
0, NYC forecast Sun 2/9/14: Snow. High temp: 32F.  #OccupyWallStreet #tpp #tpp
0, #Greek police arrested the editor of a weekly magazine for dissent - http://t.co/E0dxiUpv #OWS #OccupyGreece #OccupyWallStreet
0, 'Green News Report' - November 11 2014 http://t.co/CMmecdoHQQ #Occupy #OWS #occupywallstreet #OccupyHQ #GrassRoots #USA #US #Canada #E...
0, Malala receives Liberty Medal in the US http://t.co/2mMQrw0iTT #Occupy #OWS #occupywallstreet #OccupyHQ #GrassRoots #USA #US #Canada #E...
0, Pentagon ready to train up to 15000 Syrian rebels http://t.co/j8Sk46AH4H #Occupy #OWS #occupywallstreet #OccupyHQ #GrassRoots #USA #US...
0, NYC forecast Wed 4/9/14 night: Mostly clear. Low temp: 38F.  #OccupyWallStreet #tpp #TopProg
0, Turkey withstood hostage ordeal says Turkish PM http://t.co/wz6XYa5q1U #Occupy #OWS #occupywallstreet #OccupyHQ #GrassRoots #USA #US #...
1, Iran's Hardliners Impeach Moderate Minister Over 2009 Green Movement Protests http://t.co/vOsK4VzCpk #Occupy #OWS #occupywallstreet #Oc...
0, http://t.co/raFPwN3Tlo
0, Silent crisis: Bahrain opposition seeks support international attention in Russia http://t.co/CXJItpG6 #Occupy #OWS #occupywallstreet #O...
1, Celente: All world currencies are in trouble http://t.co/CoYWNdOJa9 #Occupy #OWS #occupywallstreet #OccupyHQ #GrassRoots
1, The 99%: A Return to E Pluribus Unum? http://t.co/hp3wbBc5 #Occupy #OpESR #OWS
0, Bureau of Reclamation Releases Additional flows to Avert Klamath River Fish Kill! http://t.co/5cUGpoVNEq #Occupy #OWS #occupywallstreet...
0, NYC forecast Mon 11/4/13 night: Overcast. Low temp: 40F.  #OccupyWallStreet #tlot #sgp
0, Phoenix last night after cop kills unarmed black man because he was afraid of his prescription bottle http://t.co/JX2m4OywZZ #Occupy #O...
0, NYC forecast Mon 2/3/14 night: Mostly clear. Low temp: 28F.  #OccupyWallStreet #TopProg #tcot
0, Three-Party Syria Meeting Ends with No Solution http://t.co/SyNrq0bt #Occupy #OWS #occupywallstreet #OccupyHQ #GrassRoots
0, @giovalenzi il #Natale vince su tutto ahime......#occupywallstreet. Capodanno nella grande Mela??? Happy new year
0, NYC forecast Sat 5/2/15 night: Rain. Low temp: 52F.  #OccupyWallStreet #ocra #sgp
0, NYC forecast Wed 8/14/13 night: Mostly cloudy. Low temp: 62F.  #OccupyWallStreet #tpp #p2
0, Alle Reden Protest-Aktion zur Deutsche Bank Hauptversammlung Frankfurt 22.05.2014 http://t.co/Lpq2yfyGqp #Occupy #OWS #occupywallstreet...
0, NYC forecast Fri 12/13/13: Partly cloudy. High temp: 32F. Get smart: http://t.co/L4w8nYQDPr #OccupyWallStreet #tlot #TopProg
0," QE Backfires as Dividend Quest Usurps Growth: Cutting Research - """"Worldwide quantitative easing may be making invest... http://t.co/T76yg5jM"""
0, Crisis VIVA- Southern Europe's new normal. Part 1 http://t.co/sI0dgmAb #Occupy #OWS #occupywallstreet #OccupyHQ #GrassRoots
0, #occupywallstreet These J.C. Penney Stores Will Close In 2015 http://t.co/iRPjeDkImw via @HuffPostBiz
0, This Is One Of The Worst Things You Can Do With Your Pet Fish http://t.co/DDXHm3vyps #Occupy #OWS #occupywallstreet #OccupyHQ #GrassRoo...
0, Vadodara zoo special conducive environment for animals in summers http://t.co/WZNQsFzBSC #Occupy #OWS #occupywallstreet #OccupyHQ #Gras...
0, NYC forecast Sat 5/9/15 night: Rain. Low temp: 65F.  #OccupyWallStreet #GlennBeck #p2
0, Mexico: New graves found in hunt for missing students http://t.co/EEfmf3HdC0 #Occupy #OWS #occupywallstreet #OccupyHQ #GrassRoots #USA ...
0, NYC forecast Sat 9/21/13: Partly cloudy. High temp: 78F.  #OccupyWallStreet #tlot #p2
0, German Spy Agency: Geopolitical Consequences Of US Oil Boom http://t.co/tqqcNJcw #Occupy #OWS #occupywallstreet #OccupyHQ #GrassRoots
0, NYC forecast Fri 11/2/12: Rain. High temp: 55F.  #OccupyWallStreet #GlennBeck #tpp
0, Hatchet-Wielding Hitchhiker Saves Woman From Racist Kook (Video) http://t.co/VQuKVzjs #Occupy #OWS #occupywallstreet #OccupyHQ #GrassRoots
1, Ensuring bad outcomes: what Cyprus tells us about the world http://t.co/LZm3hKZ9o0 #Occupy #OWS #occupywallstreet #OccupyHQ #GrassRoots
1, Tell #Congress: #Banks must fix Mistakes on your #Credit Reports http://t.co/khjicaLi6U #OccupyWallStreet #NYC #Ohio http://t.co/ET0wlN9Dl1
0, Twelve civilians killed in coalition airstrike in Syria http://t.co/JxeIk7mGON #Occupy #OWS #occupywallstreet #OccupyHQ #GrassRoots #US...
0, Dotcom Greenwald Assange and Snowden target New Zealand http://t.co/0aJOHfnJpQ #Occupy #OWS #occupywallstreet #OccupyHQ #GrassRoots #...
1, Happy 2 year anniversary #OccupyWallStreet
0, Israeli rockets strike near AP office in Gaza city http://t.co/8aAaYCyAND #Occupy #OWS #occupywallstreet #OccupyHQ #GrassRoots #USA #US...
0, Member Of Raid On The Osama Bin Laden Compound Will Testify At Bradley M...: http://t.co/BsE6mGliSb via @youtube #ows #occupywallstreet
0, UN: Racism religious intolerance rising in West Europe http://t.co/v6NEvxAdfF #Occupy #OWS #occupywallstreet #OccupyHQ #GrassRoots #US...
0, The Untold Stories of Rape During the Vietnam War http://t.co/I6cNEbwnKu #Occupy #OWS #occupywallstreet #OccupyHQ #GrassRoots
0, IMF chief questioned again in corruption probe http://t.co/094l3m1Zig #Occupy #OWS #occupywallstreet #OccupyHQ #GrassRoots #USA #US #Ca...
0, Boy Gets Diagnosed with Autism After 32 Shots http://t.co/di3HJMZwUu #Occupy #OWS #occupywallstreet #OccupyHQ #GrassRoots #USA #US #Can...
0, NYC forecast Wed 1/1/14 night: Snow. Low temp: 22F.  #OccupyWallStreet #tcot #teaparty
1, #occupySanDiego Declaration of Solidarity to #occupyWallSt #occupyWallStreet #occupyWallStNYC #oo - We... http://t.co/ypOKmJ7GYm
0, 11/12/12 - Hurricane Sandy - Coney Island http://t.co/lmicJdK7 #OccupyWallStreetPics
0, NYC forecast Tue 11/20/12 night: Overcast. Low temp: 42F.  #OccupyWallStreet #sgp #GlennBeck
1, Social Justice Camp for Teens http://t.co/mhLFf4oGoj #Occupy #OWS #occupywallstreet #OccupyHQ #GrassRoots
0, NYC forecast Fri 11/30/12: Partly cloudy. High temp: 45F. Time for #OWS to get smart: http://t.co/rGUgowjb #OccupyWallStreet #tpp #ocra
0, EuroMaidan portrait 7-292 B&amp;W http://t.co/Hq3VQRcanE #Photo #Selfie #Occupy #OWS #occupywallstreet #OccupyHQ #GrassRoots
1, What are the net benefits of Northern Gateway? http://t.co/NPV7LKERNq #Occupy #OWS #occupywallstreet #OccupyHQ #GrassRoots #USA #US #Ca...
1, Dignity http://t.co/0FzrR6K8Uj #Occupy #OWS #occupywallstreet #OccupyHQ #GrassRoots
0, Opposition calls for votes to be recounted in Turkish election http://t.co/30AifYoWQV #Occupy #OWS #occupywallstreet #OccupyHQ #GrassRoots
1, What Keystone XL Opponents Could Learn From the Gay Rights Movement http://t.co/1M3TlQFyFu #Occupy #OWS #occupywallstreet #OccupyHQ #Gr...
0, Mike Rivero ~ What Really Happened Radio Show: Friday May 10 2013 http://t.co/YCbsjybvPN #Occupy #OWS #occupywallstreet #OccupyHQ #Gr...
0, FedEx charged with trafficking drugs for Web pharmacies http://t.co/3DM8rNoeHQ #Occupy #OWS #occupywallstreet #OccupyHQ #GrassRoots #US...
1, #OccupyWallStreet Spain's conservative government approves new mortgage law which ignores all key demands of p... http://t.co/MGqwCMmDmV
1, #FreeLeonardPeltier Release Political Prisoners! #Anonymous #OccupyWallStreet http://t.co/9AF9RWjn90
0, Islamists unleash all-out assault on Iraqi cities with US weapons http://t.co/8OlZNWlWmX #Occupy #OWS #occupywallstreet #OccupyHQ #Gras...
0, Produce Mobile Apps http://t.co/6Bpov84oju #occupywallstreet http://t.co/hCyLRm62ti
0, Didga The Cat Takes Parkour To New Levels In 'Purrkour' http://t.co/IJrm1DNO4T #Occupy #OWS #occupywallstreet #OccupyHQ #GrassRoots #US...
1, #OccupyWallStreet: protesting #evolution (the 1%) while endorsing it    #atheist
0, Boycotting immigration detention in Canada http://t.co/bNBeMaYcxo #Occupy #OWS #occupywallstreet #OccupyHQ #GrassRoots #USA #US #Canada...
1, Thoughts For The Second Anniversary Of #OccupyWallStreet  http://t.co/GpzX14ZiF8
0, Greenwald Blames the Hostage http://t.co/cFgxlDMzN1 #Occupy #OWS #occupywallstreet #OccupyHQ #GrassRoots #USA #US #Canada #Europe #Prot...
1, How to get sued by the US Chamber of Commerce http://t.co/GnFVhlyxo3 #Occupy #OWS #occupywallstreet #OccupyHQ #GrassRoots
0, Iraq PM says ISIL plotting attacks on NY Paris metros http://t.co/Hm8ktvV8uN #Occupy #OWS #occupywallstreet #OccupyHQ #GrassRoots #USA...
0, US restates support to Nigeria's counter-terrorism campaign http://t.co/tsImrUl4jK #Occupy #OWS #occupywallstreet #OccupyHQ #GrassRoots...
0, Photo: _DSC0376: nomadnewyork posted a photo: http://t.co/MCCAtVlp #13o #occupywallstreet #strikedebt #occupyWallStreet #ows
0, NYC forecast Fri 3/1/13 night: Overcast. Low temp: 32F.  #OccupyWallStreet #tpp #tpp
0, Informationszentrum Asyl und Migration Briefing Notes (10 Februar 2014) http://t.co/7sTxSGHr1L #Occupy #OWS #occupywallstreet #OccupyH...
1, Occupy is increasingly well-informed - http://t.co/Y9QcjAQV http://t.co/AgV1PquG #Occupy #OpESR #OWS
1, 16 detained in Istanbul on Gezi protests anniversary http://t.co/fq6aOGjQwo #Occupy #OWS #occupywallstreet #OccupyHQ #GrassRoots #USA #...
1, Ghost Of Milton Friedman Materializes In Chicago Endorses A Price On Carbon http://t.co/6WZxQdONqd #Occupy #OWS #occupywallstreet #Occ...
0, NYC forecast Tue 7/15/14 night: Thunderstorms. Low temp: 68F.  #OccupyWallStreet #sgp #p2
1, Mass protest November 1 http://t.co/FRWc5H7JoR #OccupyInfo #OWSinfo #Revolution #Anonymous
0, Chinese Dream to occupy center stage - Chinadaily USA http://t.co/VlhUDAntMY #Occupy #OWS #occupywallstreet #OccupyHQ #GrassRoots
0, Eritrea: Eritreans Flee Repression Says UN Rapporteur http://t.co/6o2eda1Bie #Occupy #OWS #occupywallstreet #OccupyHQ #GrassRoots #USA...
1, #OccupyWallStreet America is a Monopoly game: Coworker made an interesting analogy: America today is like a la... http://t.co/lyGeiPso0b
0, US: Urgent Need for Surveillance Reforms http://t.co/S9Hm46Ast4 #Occupy #OWS #occupywallstreet #OccupyHQ #GrassRoots
1, Australian government report outlines dismantling of welfare system http://t.co/RZv0L9q1sT #Occupy #OWS #occupywallstreet #OccupyHQ #Gr...
0, No hope in seeing an Independent Palestine State: Palestinian youth activist http://t.co/GgTd5OI8uM #Occupy #OWS #occupywallstreet #Occ...
0, NYC forecast Tue 5/5/15: Rain. High temp: 78F.  #OccupyWallStreet #GlennBeck #ocra
0," Hidden Agenda Behind Rise Of """"Domestic Terrorist Label"""" http://t.co/KYaJRBMaGY #Video #Occupy #OWS #occupywallstreet #OccupyHQ #GrassRo..."""
0, EuroMaidan 7-171PS http://t.co/P1Bc8nkwly #Photo #Selfie #Occupy #OWS #occupywallstreet #OccupyHQ #GrassRoots
0, A Study of Public Mass Shootings and More from CRS http://t.co/ebmvbg9kSK #Occupy #OWS #occupywallstreet #OccupyHQ #GrassRoots
0, NYC forecast Tue 2/18/14 night: Mostly cloudy. Low temp: 32F.  #OccupyWallStreet #p2 #GlennBeck
1, Minneapolis Strike Debt #S17 #OccupyWallStreet 1 Yr. Anniversary: http://t.co/vkAL7tg1 via @youtube #StrikeDebt #DebtBurn
0, NYC forecast Thu 11/15/12: Sunny. High temp: 48F. Time for #OWS to get smart: http://t.co/rGUgowjb #OccupyWallStreet #tlot #sgp
1, There's no call for cruelty in Christmas http://t.co/IgvLFjCwxr #Occupy #OWS #occupywallstreet #OccupyHQ #GrassRoots
0, The Terrorism of Stealth Petrochemicals http://t.co/8XAmrwNv #Occupy #OWS #occupywallstreet #OccupyHQ #GrassRoots
0, NYC forecast Thu 9/19/13: Sunny. High temp: 75F.  #OccupyWallStreet #p2 #tpp
0, Saudi Arabia Finances Terror In The Open. http://t.co/pCevZJra3u #Video #Occupy #OWS #occupywallstreet #OccupyHQ #GrassRoots #USA #US #...
0, Quote of the Day: Stone Tablets Will Defeat the NSA http://t.co/0LouZjp638 #Occupy #OWS #occupywallstreet #OccupyHQ #GrassRoots #USA #U...
0, Wave of Protests Against Malaysian Election Results http://t.co/WyC6DIi5Q4 #Occupy #OWS #occupywallstreet #OccupyHQ #GrassRoots
0, NYC forecast Thu 10/17/13: Rain. High temp: 72F.  #OccupyWallStreet #tcot #p2
0, Newsletter 7-3-14 http://t.co/o65WE2lhDU #Occupy #OWS #occupywallstreet #OccupyHQ #GrassRoots #USA #US #Canada #Europe #Protest #rEvolu...
1, #OWS -- The Biggest Scam In The History Of Mankind END THE FED - Shouldn't this be the most talked about thing eve... http://t.co/fAq0tICZhF
0, NYC forecast Wed 3/19/14: Rain. High temp: 45F. Time for #OWS to get smart: http://t.co/VqH9EJxrHv #OccupyWallStreet #sgp #TopProg
0, NYC forecast Mon 7/7/14: Sunny. High temp: 90F. Get smart: http://t.co/L4w8nYQDPr #OccupyWallStreet #GlennBeck #tpp
0, Ukraine - News media must be allowed to cover Crimea crisis freely http://t.co/QRKyoXMYHo #Occupy #OWS #occupywallstreet #OccupyHQ #Gr...
0, NYC forecast MARTIN LUTHER KING JR DAY: Partly cloudy. High temp: 42F.  #OccupyWallStreet #teaparty #sgp
0, [reddit] Judge approves $1 million settlement in UC Davis pepper spray lawsuit http://t.co/zQTDsBsl
0, NYC forecast Fri 7/11/14 night: Mostly clear. Low temp: 68F. Get smart: http://t.co/3gxfEcD4ir #OccupyWallStreet #p2 #teaparty
0, June 26 2014 Breaking News Iraqi PM welcomes Syria air strike on border crossing http://t.co/anKmdsPFxe #Occupy #OWS #occupywallstreet ...
1, #occupywallstreet Stay strong stay centered stay peaceful. We love you  http://t.co/vd3yvcaQAs #ows
1, Remove #DavidKoch(#BoyCott) from the Board of Trustees at @wgbh http://t.co/LvWUVfjikd via @ForecastFacts #OccupyWallstreet #OccupyAmerica
1, Americans for Financial Reform: Banking without Wall Street http://t.co/gbpmZIQSkb #Occupy #OWS #occupywallstreet #OccupyHQ #GrassRoots...
1, Meet 5 Greedy Big Businesses That Rip Off Taxpayers #occupywallstreet #raisethewage http://t.co/U66Y4oqqt9
0, NYC forecast Wed 4/17/13 night: Overcast. Low temp: 52F.  #OccupyWallStreet #p2 #ocra
1, Citizen journalism puts itself on the radar of mainstream news http://t.co/dXIOETTcrn #Occupy #OWS #occupywallstreet #OccupyHQ #GrassRoots
0, Alex Jones - 2014-Aug-21 Thursday http://t.co/zRHF7y26M3 #Occupy #OWS #occupywallstreet #OccupyHQ #GrassRoots #USA #US #Canada #Europe...
0, Positive: Scotland: Solar power farm plan for Aberdeen landfill site http://t.co/S8uGrn9A9w #Occupy #OWS #occupywallstreet #OccupyHQ #...
0, Please circulate this video around your contacts http://t.co/WVYLye4Zo0 #Occupy #OWS #occupywallstreet #OccupyHQ #GrassRoots #USA #US #...
0, NYC forecast Fri 3/21/14 night: Mostly cloudy. Low temp: 42F.  #OccupyWallStreet #tpp #teaparty
1, If you want knowledge you must take part in the practice of changing reality  #OWS #occupywallstreet http://t.co/MOs6akUvNj
0, NYC forecast Fri 6/6/14 night: Mostly cloudy. Low temp: 60F.  #OccupyWallStreet #GlennBeck #tlot
0, Positive: As UN marks Buddhist holiday Ban urges leaders to work for common good http://t.co/bOtVjqVjx7 #Occupy #OWS #occupywallstreet...
0, South Africa: The Economics of Deadly Illegal Mining http://t.co/eyVtNl8xTl #Occupy #OWS #occupywallstreet #OccupyHQ #GrassRoots #USA #...
0, Court closes new daily six days after its launch http://t.co/iDe5Ryh3BS #Occupy #OWS #occupywallstreet #OccupyHQ #GrassRoots
0, NYC forecast Mon 5/11/15: Rain. High temp: 78F. Time for #OWS to get smart: http://t.co/jGrvIl0gkZ #OccupyWallStreet #tpp #GlennBeck
1, Silicon Valley Conspiracy For Low Wages http://t.co/rPEqlNmUYy #Occupy #OWS #occupywallstreet #OccupyHQ #GrassRoots
1, Senate hearing will discuss fracking in California http://t.co/v99I5gPL #Occupy #OWS #occupywallstreet #OccupyHQ #GrassRoots
1, RT @RK_NY: Some Millionaires Made A Video And This Is What They Said http://t.co/mX4wGeEV via @moveon #OWS #OccupyWallStreet
1, RT @HMMcrue: Daily #OccupyWallstreet #ows Update is out! http://t.co/qqs7BjVWKS Stories via @hayaletdans @GyanendrAw @WAG_Activism
0, NYC forecast Mon 7/14/14 night: Thunderstorms. Low temp: 75F.  #OccupyWallStreet #tcot #TopProg
0, SAN FRANCISCO TURNS FASCIST - THE FIRST DAY OF THE NUDITY BAN http://t.co/hrAa5jyg #Occupy #OWS #occupywallstreet #OccupyHQ #GrassRoots
0, US opposes Israeli land grab in West Bank http://t.co/KII0hdUOIA #Occupy #OWS #occupywallstreet #OccupyHQ #GrassRoots #USA #US #Canada ...
0, Iran Sanctions Bill Big Test of Israel Lobby Power http://t.co/TLfixAWP8h #Occupy #OWS #occupywallstreet #OccupyHQ #GrassRoots
1, #FYI Books 1&amp;2 in the #9ib series were written before #OccupyWallStreet was a gleam in anyone's eye. #IStoopToFiction http://t.co/9gnHDbkEa0
0, True inspiration !!! http://t.co/ksjVUw9maa    #nba #news #nfl #notw #occupy #occupywallstreet #ocra #ows #p2 #photo #photography #politics
0, Afghan talks: warning of 'future Malalas' if women's rights traded away to Taleban http://t.co/4iPBLtia #Occupy #OWS #occupywallstreet #O...
0, At Least 6 Confirmed Dead in Texas Tornadoes http://t.co/7HUswLZUVQ #Occupy #OWS #occupywallstreet #OccupyHQ #GrassRoots
0, The US Military Operations You Didn't Know Existed http://t.co/bOglbXgHwu #Occupy #OWS #occupywallstreet #OccupyHQ #GrassRoots
0, Dead Israeli teenagers made desperate last call http://t.co/7wzs9yLrXS #Occupy #OWS #occupywallstreet #OccupyHQ #GrassRoots #USA #US #C...
0, The US Senate Will Now Have More Black Members Than Ever in its History: Two http://t.co/AQilByX0 #Occupy #OWS #occupywallstreet #OccupyH...
1, Are you Ready to March on Saturday? http://t.co/lKLFA0AzKk #Occupy #OWS #occupywallstreet #OccupyHQ #GrassRoots #USA #US #Canada #Europ...
0, RT @SputnikInt: City's Lawsuit Settlements for #OccupyWallStreet Protesters Set New Record http://t.co/icVjpa3lWl http://t.co/lR44AjFruR
0, Sarah Costa: No Country No Rights: Gender Discrimination and Statelessness http://t.co/TdHj6n5vbK #Occupy #OWS #occupywallstreet #Occ...
1, @OccupyWallStreet Applebee's says they will now cut employees work hours to less 1/2 to keep from having to pay benefits. #BoycottApplebees
0, #Intersectionality #WhitePriviledge http://t.co/fpu9IyU3NW
0, I would actually dance to this music if I wasn't sitting in on a schmuck double date. This is as awk as #OccupyWallStreet.
0, NYC forecast Sat 5/2/15 night: Partly cloudy. Low temp: 52F.  #OccupyWallStreet #tpp #sgp
1, RT @ThomasOccupy: The Triumph of #OccupyWallStreet\x0Ahttp://t.co/p1W2QGgAJn\x0A#OWS #Occupy #ZuccottiPark #Anonymous http://t.co/k5Re262rV0
1," Elizabeth Warren on """"Colbert"""": """"We Can't Have Capitalism If There Aren't Rules"""" http://t.co/7fvFX6niD5 #Occupy #OWS #occupywallstreet #..."""
1, RT @AnonNewsSwe: Time's upp for the 1%.\x0A#OccupyWallStreet #FloodWallStreet \x0A-&gt; http://t.co/eVweugjUSD
1, $150000 in Student Loans!! http://t.co/oIAi4p5aU0 #Occupy #OWS #occupywallstreet #OccupyHQ #GrassRoots
1," RT @justinwedes: If you can't beat 'em tell them they're """"making a difference"""" and sigh... http://t.co/pwYW8eZx #OccupyWallStreet"""
0, Top 10 Popular Nepali Blogs http://t.co/wHaJXBXyht #Occupy #OWS #occupywallstreet #OccupyHQ #GrassRoots
1, Tell #Congress: #Banks must fix Mistakes on your #Credit Reports http://t.co/khjicaLi6U #OccupyWallStreet #NYC #Ohio http://t.co/Sgm3oM82vI
0, NYC forecast Thu 5/30/13: Sunny. High temp: 90F.  #OccupyWallStreet #tpp #sgp
1, RT @Agus_gelonch: #occupywallstreet is too mainstream so #occupypoland @IgnacioAlbe
0, NYC forecast Sat 7/5/14 night: Mostly clear. Low temp: 65F. Get smart: http://t.co/aEEBd13uXA #OccupyWallStreet #teaparty #tpp
0, Review: Toro y Moi's Anything in Return http://t.co/QmRaqncw #Occupy #OWS #occupywallstreet #OccupyHQ #GrassRoots
0, NYC forecast Sun 10/28/12 night: Rain. Low temp: 52F.  #OccupyWallStreet #TopProg #sgp
0, #occupyWallStreet en directo (2011-11-17) http://t.co/2UNd3O3CJ1 #15M
0, NYC forecast Tue 12/18/12: Rain. High temp: 55F.  #OccupyWallStreet #ocra #tlot
0, Crimean Tatars in precarious situation report says http://t.co/Z1p1fVF4qd #Occupy #OWS #occupywallstreet #OccupyHQ #GrassRoots #USA #U...
0, How many of you guys have earrings/piercings of some kind? http://t.co/xTh2690P #Occupy #OpESR #OWS
0, RT @HQOccupy: Chuck Schumer will support Chuck Hagel http://t.co/N6iHcZhB #Occupy #OWS #occupywallstreet #OccupyHQ #GrassRoots
0, Manifestation des travailleurs du sexe http://t.co/3DNYmHgUSI #Photo #Selfie #Occupy #OWS #occupywallstreet #OccupyHQ #GrassRoots
0, For real. http://t.co/G8tE8fdRbz #Occupy #OWS #occupywallstreet #OccupyHQ #GrassRoots #USA #US #Canada #Europe #Protest #rEvolution #An...
0," When some 1says #youThinkYoureBetterThanMe there's only 1 #thang toSay:\x0A\x0A""""Really?\x0ACuz I don't think about it anyway""""\x0A\x0A#OccupyWallStreet #ows"""
0, Map: Is There a Risky Chemical Plant Near You? http://t.co/SA53qYUguL #Occupy #OWS #occupywallstreet #OccupyHQ #GrassRoots #USA #US #Ca...
0, ISIL claims control over second gas field in Syria http://t.co/LAeKloCjEA #Occupy #OWS #occupywallstreet #OccupyHQ #GrassRoots #USA #US...
0, @PublicAnonNews new public communication channel http://t.co/KWKWSwzG #Occupy #OWS #occupywallstreet #OccupyHQ #GrassRoots
0, Toxic flames that burn around the clock. http://t.co/SKZIj2LdVT #Occupy #OWS #occupywallstreet #OccupyHQ #GrassRoots #USA #US #Canada #...
0, #DanielQuinn - http://t.co/KKg6X71y #OWS #OccupyWallStreet
0, SpaceX unveils sleek new Dragon cargo spaceship to fly U.S. astronauts http://t.co/hHACe0NZ5u #Occupy #OWS #occupywallstreet #OccupyHQ ...
0, That Time The CIA And Howard Hughes Tried To Steal A Soviet Submarine http://t.co/UIGlX5kAPW #Video #Occupy #OWS #occupywallstreet #Occ...
1, walk together adelaide - oct 2014 - 250733 http://t.co/uGntC5lkNY #Photo #Selfie #Occupy #OWS #occupywallstreet #OccupyHQ #GrassRoots
1, #occupycentralpark #occupycentralpark American Spring !! #occupywallstreet  @CNN @BBCWorld #DirenTimes http://t.co/DsRryhUHB6
0, @JerryDantanaACN @MaggieJordanACN @JimHarper_ACN @MackMcHaleACN I also wanted to mention to you about @OccupyWallStreet
0, ALERT ~ MYSTERIOUS VIRUS is Spreading Like Wildfire Across America http://t.co/LukAgh1git #Occupy #OWS #occupywallstreet #OccupyHQ #Gr...
1, Buchanan: Their War Not Ours http://t.co/WRvxQDDpOe #Occupy #OWS #occupywallstreet #OccupyHQ #GrassRoots #USA #US #Canada #Europe #Pro...
0, NYC forecast Sat 6/21/14: Overcast. High temp: 75F.  #OccupyWallStreet #GlennBeck #teaparty
0, NYC forecast Tue 10/30/12 night: Rain. Low temp: 48F.  #OccupyWallStreet #tpp #GlennBeck
0, Is your personal lubricant safe? http://t.co/337FMSzFDI #Occupy #OWS #occupywallstreet #OccupyHQ #GrassRoots
0, Trader Joe's and Whole Foods Won't Sell GM Salmon http://t.co/aXsagQ8yUm #Occupy #OWS #occupywallstreet #OccupyHQ #GrassRoots
1, RT @brentnhunter: The voice of THE PEOPLE is growing louder. #occupywallstreet
0, 25 Critical Facts About This Ebola Outbreak That Every American Needs To Know http://t.co/bm711RUOhF #Occupy #OWS #occupywallstreet #Oc...
1, @CuffyMeh @voxdotcom MSNBC Slate ThinkProgress now Vox ... all whiter than #OccupyWallStreet participants at a Klan rally. #diversity #p2
0, NYC forecast Tue 9/10/13: Partly cloudy. High temp: 85F.  #OccupyWallStreet #sgp #GlennBeck
0, NYC forecast Thu 5/23/13 night: Thunderstorms. Low temp: 62F.  #OccupyWallStreet #p2 #ocra
0, RT @OWSTimes: Ferguson: Follow LIVESTREAM ~~ National Guard Brought In http://t.co/EWveemVjVR  - #ows
1, HOW MONEY IS MADE in a Modern World &amp; Look Inside Bank of England GOLD VAULT http://t.co/ULkSpnZzT0 #Occupy #OWS #occupywallstreet #Occ...
0, At Least 20 Killed Hundreds Wounded as Ukraine Shells Luhansk http://t.co/avU5hPiYNt #Occupy #OWS #occupywallstreet #OccupyHQ #GrassRo...
0, Geography http://t.co/fo6V3Xgoq8 #Occupy #OWS #occupywallstreet #OccupyHQ #GrassRoots
0, Did you read this letter? :P #OccupyWallStreet https://t.co/SssB4hKKd7 @AxNI @muladhara @c_aashish @Realist_Indian @mirzhaywire @Bodhisatvaa
0, The Most Entitled Generation Isn't Millennials http://t.co/rZi0kQvwD3
0, NYC forecast Fri 5/8/15: Sunny. High temp: 75F. Time for #OWS to get smart: http://t.co/jGrvIl0gkZ #OccupyWallStreet #teaparty #tcot
0, Confirmed: Government Shipping in Diseased Illegals http://t.co/DxGcPsuS5W #Video #Occupy #OWS #occupywallstreet #OccupyHQ #GrassRoots ...
1, #OccupyWallStreet Anger erupts after House scraps vote on Sandy aid:    submitted by  Karen-90  [link] [comment]  http://t.co/lw6CQ0Js
0, The Slow Track to High Speed Rail http://t.co/zm1isyvFm7 #Occupy #OWS #occupywallstreet #OccupyHQ #GrassRoots
0," Police State Rampage - Photograph Metro and Get Attacked by Violent """"Security"""" Thugs http://t.co/EBBekCRY #Occupy #OWS #occupywallstreet..."""
0," Fung Wah Buses Declared """"Imminent Hazard"""" By State Inspectors http://t.co/wZc3dZ0zZh #Occupy #OWS #occupywallstreet #OccupyHQ #GrassRoots"""
1, [reddit] The full Bank of America whistleblower details (affidavits) http://t.co/33VSD6NRB2
0, Fort 10 Leurdeni http://t.co/zoDD7Amjvp
0, NYC forecast Sun 7/13/14: Thunderstorms. High temp: 82F.  #OccupyWallStreet #ocra #tpp
1, RT @oopsieee: Some Millionaires Made A Video And This Is What They Said http://t.co/ZMTiOfsM via @moveon #OWS #OccupyWallStreet
0, NYC forecast Sat 7/5/14 night: Mostly clear. Low temp: 65F.  #OccupyWallStreet #sgp #sgp
1, THe LiBeRaToR... http://t.co/TvxYypDvIr #Occupy #OWS #occupywallstreet #OccupyHQ #GrassRoots #USA #US #Canada #Europe #Protest #rEvolut...
1, Same old song and dance http://t.co/76vHQR2Q5p #Video #Occupy #OWS #occupywallstreet #OccupyHQ #GrassRoots #USA #US #Canada #Europe #Pr...
0, NYC forecast Sun 6/15/14 night: Mostly clear. Low temp: 65F.  #OccupyWallStreet #GlennBeck #tlot
0, Anarchists Against the Wall Are Still Against the West Bank Wall http://t.co/sJHsLDgFnF #Occupy #OWS #occupywallstreet #OccupyHQ #GrassRoots
0, US military aid to Syrian opposition to fight Assad http://t.co/TIR5PvuzIc #Occupy #OWS #occupywallstreet #OccupyHQ #GrassRoots #USA #U...
0, NYC forecast Thu 7/10/14: Thunderstorms. High temp: 85F. Get smart: http://t.co/o4zjbModq8 #OccupyWallStreet #tcot #tlot
1, RT @lcwblood: RT @SKYENICOLAS Dear Jay-Z &amp; @UncleRUSH THE REVOLUTION WILL NOT BE MERCHANDIZED! #OccupyWallStreet #Quote #OWS
0, Peter Orlovsky A Life in Words Peter Orlovsky http://t.co/PGJz8619TX #Occupy #OWS #occupywallstreet #OccupyHQ #GrassRoots #USA #US #C...
0, Kiev deploys Neo-Nazi Paramilitary against Political Opponents in Eastern Ukraine http://t.co/CShOT6JSEN #Occupy #OWS #occupywallstreet...
0, Explaining White Privilege to a Broke White Person: http://t.co/9Nnyf46WJM via @OccupyInfo
0, How Police Use Military Tactics to Quash Dissent - Police have militarized from boots to brainstem. http://t.co/Vi8GoDmvM2 #OccupyInfo ...
0, 2013 Trafficking in Persons Report- Introductory Materials http://t.co/y6u2K0dDoG #Occupy #OWS #occupywallstreet #OccupyHQ #GrassRoots
0, 'Death of the Delta' coffin will go on tour http://t.co/QzgfNJ6Qca #Occupy #OWS #occupywallstreet #OccupyHQ #GrassRoots
0, NYC forecast Mon 5/6/13: Sunny. High temp: 65F.  #OccupyWallStreet #tpp #TopProg
0, The Latest From Iraq - The Complete Troop Movements http://t.co/taEUrtSBR0 #Occupy #OWS #occupywallstreet #OccupyHQ #GrassRoots #USA #U...
0, Jailed For Exposing Moral Policing Indian TV Reporter Gets Bail http://t.co/YcKpEey3ZO #Occupy #OWS #occupywallstreet #OccupyHQ #GrassRoots
0, Are we really saying goodbye to the ark? http://t.co/griGRLBRVT #Occupy #OWS #occupywallstreet #OccupyHQ #GrassRoots #USA #US #Canada #...
0, I Got Off Methadone by Tripping http://t.co/VDmmOB63ee #Occupy #OWS #occupywallstreet #OccupyHQ #GrassRoots #USA #US #Canada #Europe #P...
0, Turkey: World Record for Journalists Imprisoned http://t.co/YaAj04v0E4 #Occupy #OWS #occupywallstreet #OccupyHQ #GrassRoots
0, Jumping Through Cellphone Hoops http://t.co/uSFPNlumtU #Occupy #OWS #occupywallstreet #OccupyHQ #GrassRoots
1, Mass protest November 1 http://t.co/2fXh53fo1j #Occupy #OWS #occupywallstreet #OccupyHQ #GrassRoots #USA #US #Canada #Europe #Protest #...
1, @love2godown21 @FreedomJames7 Yes because #BlackLivesMatter uses black to manipulate the public.  #occupywallstreet never got traction.
0, The Great Secret of Water - Dr. Gerald H. Pollack http://t.co/bpkG6OFix7 #Occupy #OWS #occupywallstreet #OccupyHQ #GrassRoots #USA #US ...
0, Walking in an Anthropocene Wonderland http://t.co/11bWFsubSn #Occupy #OWS #occupywallstreet #OccupyHQ #GrassRoots
0, Than 100 Arrested As Climate Change Activists #FloodWallStreet http://t.co/c9v2ksRv9u  - #ows
0, TIGRES 10 X 9 HUMANITARIAN http://t.co/Qm8hlNKemy #Occupy #OWS #occupywallstreet #OccupyHQ #GrassRoots #USA #US #Canada #Europe #Protes...
0, @IsamUrzua Thanks for sharing officer. #cointelpro #OpFerguson #AgentProvacateur #OccupyWallStreet
0, Crowdfunders Empty Pockets for Catalan Independence http://t.co/pLOH0bQT #Occupy #OWS #occupywallstreet #OccupyHQ #GrassRoots
1, RT @LoveUnityMagic: #OWS -- Even conservative media lapdog CNBC admits the 1% are hoarding cash at a record pace http://t.co/8usnSq2523
1, Obama could lift crude export ban without Congress: Murkowski http://t.co/R1zwNeE3Fv #Occupy #OWS #occupywallstreet #OccupyHQ #GrassRoots
0, NYC forecast Sun 12/1/13: Snow. High temp: 48F.  #OccupyWallStreet #tcot #p2
0, NYC forecast Fri 3/29/13 night: Partly cloudy. Low temp: 38F.  #OccupyWallStreet #ocra #tlot
0, NYC forecast Thu 7/10/14 night: Thunderstorms. Low temp: 68F.  #OccupyWallStreet #tpp #TopProg
1, PETITION:Make #millionaires &amp; #corporations pay their #fairshare.Support the @USProgressives budget http://t.co/EQn3iIjMvn #OccupyWallstreet
0, John McCain: Rand Paul Already Proved Wrong On Terrorism By Boston Bombings http://t.co/CvlI1LwM4c #Occupy #OWS #occupywallstreet #Occ...
0, The Legacy of the Hobby Lobby Case: Protecting Anti-Gay Discrimination? http://t.co/ABfOcGEjSi #Occupy #OWS #occupywallstreet #OccupyHQ...
0, NYC forecast Tue 8/6/13 night: Rain. Low temp: 65F.  #OccupyWallStreet #tpp #p2
1, RT @OccupyWallSt: Every time the #OWS poster gets printed an #occupy organizer gets a cell phone bill paid. http://t.co/iOecnTmEaQ #news
0, NYC forecast Fri 11/16/12: Sunny. High temp: 52F.  #OccupyWallStreet #tcot #GlennBeck
0, Kill switch in smartphones now mandatory in California http://t.co/VD7NpHnjB4 #Occupy #OWS #occupywallstreet #OccupyHQ #GrassRoots #USA...
0, Maine officials reach settlement with nurse Kaci Hickox http://t.co/BOBPT85zzk #Occupy #OWS #occupywallstreet #OccupyHQ #GrassRoots #US...
0, NYC forecast Mon 6/30/14: Sunny. High temp: 88F.  #OccupyWallStreet #ocra #teaparty
1, RT @HMMcrue: Daily #OccupyWallstreet #ows Update is out! http://t.co/WNBAq0qLXE Stories via @JoeSmithSDK @onerory
0, NYC forecast Thu 7/10/14 night: Thunderstorms. Low temp: 68F.  #OccupyWallStreet #ocra #ocra
0, Then and now photos of Detroit reveal the real frontline of the Global Financial Crisis http://t.co/EqIJrl1Rkk #Occupy #OWS #occupywall...
0, NYC forecast Mon 10/7/13 night: Thunderstorms. Low temp: 62F.  #OccupyWallStreet #tcot #TopProg
0, @TheJusticeDept Grant Clemency Now 2 #LeonardPeltier http://t.co/VXjgZ3pefB #VivaJoanie #OccupyAlbuquerque #occupywallstreet #dems
1, all these white liberal arts people supporting the #BaltimoreUprising are just vicariously re-living #OccupyWallStreet
0, Iraq: Winterization Planning and IDPs Sites by Elevation (as of September 2014) http://t.co/pP8QP572Em #Occupy #OWS #occupywallstreet #...
0, Detroit Charlie LeDuff http://t.co/odaBzgwWcb #Occupy #OWS #occupywallstreet #OccupyHQ #GrassRoots
0, Equality and how we judge people // Paris Marx http://t.co/nFkHdXMFlj #Occupy #OWS #occupywallstreet #OccupyHQ #GrassRoots #USA #US #Ca...
1, #OccupySandy feeds FEMA workers. - submitted by  rspix000   [link] [comment] http://t.co/AL438c2i
0, UN to measure women's rights progress over past 20 years http://t.co/hfuBllimfu #Occupy #OWS #occupywallstreet #OccupyHQ #GrassRoots
0, Clinton Blair Klarke Others Pay Tribute to Mandela http://t.co/GfuNEYGyHn #Occupy #OWS #occupywallstreet #OccupyHQ #GrassRoots
0, NYC forecast Sun 7/13/14 night: Thunderstorms. Low temp: 72F. Get smart: http://t.co/cU6cSW6WGB #OccupyWallStreet #ocra #tcot
0, RT @darealmaozedong: What we demand is the unity of politics and art the unity of content and form  #OWS #occupywallstreet http://t.co/MOs6akUvNj
0, End #Senate obstruction:pass common-sense rules reforms! http://t.co/BMxhETZf @signon #OccupyWallstreet #OWS #AFLCIO @AFSCME #OccupyUSA
0, EXPoSeD To THe WoRLD'S CoNTeMPT... http://t.co/KlCI3nCCcB #Occupy #OWS #occupywallstreet #OccupyHQ #GrassRoots
1, Terrorist Felons For Selling Organic Food! The Story of Rawesome http://t.co/bAjUKwCc6a #Occupy #OWS #occupywallstreet #OccupyHQ #Gras...
0, Global Warming to exacerbate Heat related deaths more storms for New York http://t.co/6EmVA5ZaPD #Occupy #OWS #occupywallstreet #Occu...
0, NYC forecast Tue 7/30/13 night: Mostly clear. Low temp: 68F.  #OccupyWallStreet #teaparty #GlennBeck
0, IT WaS a BRiGHT CoLD DaY IN APRiL... http://t.co/DsQeQ7VVcq #Occupy #OWS #occupywallstreet #OccupyHQ #GrassRoots
1, Environmentalism Research (Help requested from occupiers) http://t.co/Xa8WONbvQi #Occupy #OWS #occupywallstreet #OccupyHQ #GrassRoots
0, UNHCR concerned over attempt to legalize automatic returns from Spanish enclaves http://t.co/vAYiB0jUtt #Occupy #OWS #occupywallstreet ...
0, NYC forecast Thu 1/10/13: Sunny. High temp: 48F. Get smart: http://t.co/6Vmfe8MF #OccupyWallStreet #GlennBeck #tpp
0, De Blasio Has a History of Intervening on Behalf of His Friends http://t.co/ldqVKssF5u #Occupy #OWS #occupywallstreet #OccupyHQ #GrassRoots
0, Explaining White Privilege to a Broke White Person... http://t.co/UdW2fao7XK
0, Explaining White Privilege to a Broke White Person... http://t.co/2atCyBkbLt
0, http://t.co/6sqVuwwwrb http://t.co/yHeKH1NkPI #Occupy #OWS #occupywallstreet #OccupyHQ #GrassRoots
0, Dear Human's Wallpapering tiles are formed using recycled paper http://t.co/QOtqMkFueQ #Occupy #OWS #occupywallstreet #OccupyHQ #GrassR...
0, Explaining White Privilege to a Broke White Person... http://t.co/zWngd7uORL
0, Explaining #WhitePrivilege to a #BrokeWhitePerson... http://t.co/q7PLIPD3du
0, Madrid's smart parking meters to charge more for most polluting cars http://t.co/5Qaglq5hfy #Occupy #OWS #occupywallstreet #OccupyHQ #G...
0, Turkish Police Storm Taksim Square http://t.co/l8nS1eGiKA #Occupy #OWS #occupywallstreet #OccupyHQ #GrassRoots
0, Hossein Derakhshan Released from Prison http://t.co/qKUnIVlS8O #Occupy #OWS #occupywallstreet #OccupyHQ #GrassRoots #USA #US #Canada #E...
0, Read.\x0AAre ye flowers...or wedes? -SS. http://t.co/ujuMYdLies
0," """"@rompe_teclas: Solidaridad de #occupywallstreet con #WalmartStrikers BUENA IMAGEN! http://t.co/FMK2LElVUT @kpmcdole"""
1, Corrupt Conservatives http://t.co/1YGx3QXSmz #Occupy #OWS #occupywallstreet #OccupyHQ #GrassRoots
1, I wonder if not for the 2011 #OccupyWallStreet protests whether #ClimateMarch and #FloodWallStreet would be getting = level of media attn.
0, NYC forecast Sun 7/21/13: Thunderstorms. High temp: 88F.  #OccupyWallStreet #p2 #TopProg
0, NYC forecast Sat 7/12/14 night: Mostly cloudy. Low temp: 68F.  #OccupyWallStreet #tcot #sgp
1, #Oppresion comes in many forms.Extreme protest isn't always the answer OUCH   - http://t.co/TJWzJoiVGS #PEACEFULProtest #OccupyWallStreet
0, #OWS -- CNN has set itself apart in the smearing of Edward Snowden and the brushing aside of PRISM. Please help u... http://t.co/dPP1LDll1M
0, Google Takes the Fight With Oracle To the Supreme Court http://t.co/XkhdvVp4aQ #Occupy #OWS #occupywallstreet #OccupyHQ #GrassRoots #US...
0, Israel will not negotiate while firing continues http://t.co/3FZZWeviV0 #Occupy #OWS #occupywallstreet #OccupyHQ #GrassRoots #USA #US #...
0, NYC forecast Wed 5/6/15: Partly cloudy. High temp: 72F.  #OccupyWallStreet #TopProg #tcot
1, Whatever happened to #occupywallstreet that was so hip.
0, NYC forecast Sat 7/5/14: Sunny. High temp: 85F.  #OccupyWallStreet #p2 #tpp
0, Tragic Shootings Mental Illness and the Assault on the 2nd Amendment http://t.co/d7pSKrx5Ii #Occupy #OWS #occupywallstreet #OccupyHQ ...
0, Global Health &amp; Humanitarian Summit / Official Documentary http://t.co/zVbHDyB0m6 #Occupy #OWS #occupywallstreet #OccupyHQ #GrassRoots ...
0, West Africa: CEOs Want Ebola Fight Stepped Up http://t.co/DMLtIjD2oQ #Occupy #OWS #occupywallstreet #OccupyHQ #GrassRoots #USA #US #Can...
0, Korean Artist Transforms a Greenhouse Into a Kaleidoscope of Rainbows http://t.co/ijXw0bKyhh #Occupy #OWS #occupywallstreet #OccupyHQ #...
0, AFRICOM Prepares for more Conflicts in Mali Nigeria and Somalia http://t.co/C74Q81LqBC #Occupy #OWS #occupywallstreet #OccupyHQ #GrassRoots
0, GOP Goes Hunting For EPA Emails About Turducken http://t.co/IrSjiJY4Wu #Occupy #OWS #occupywallstreet #OccupyHQ #GrassRoots
0, Informationszentrum Asyl und Migration Briefing Notes (23 Juni 2014) http://t.co/HhXxITwEy7 #Occupy #OWS #occupywallstreet #OccupyHQ #G...
0, NY declares public health emergency due to flu epidemic http://t.co/e7usPXz5 #Occupy #OWS #occupywallstreet #OccupyHQ #GrassRoots
0, NYC forecast Sun 3/9/14 night: Mostly cloudy. Low temp: 35F.  #OccupyWallStreet #tlot #tpp
1, #CorperationsAreNotPeople #MoneyOutNow #MoneyIsNotFreeSpeech\x0A#Occupy http://t.co/mfNGDSTOLK #Occupy #OWS #occupywallstreet #OccupyHQ #G...
0, NYC forecast Fri 7/11/14 night: Mostly cloudy. Low temp: 65F. Time for #OWS to get smart: http://t.co/0GtZSPaBRT #OccupyWallStreet #tlot #p2
0, Police put Poconos residents under martial law http://t.co/NTPIafqAUG #Occupy #OWS #occupywallstreet #OccupyHQ #GrassRoots #USA #US #Ca...
0, Demo gegen den Terror in Shingal - Berlin 10.08.2014  TR_06955 http://t.co/sveobAeYHX #Photo #Selfie #Occupy #OWS #occupywallstreet #Oc...
1, i will be live tweeting with photos and live streaming from @occupytownsq at #libertysquare today #occupywallstreet
0, Report: A child or a woman is killed every hour in Gaza http://t.co/oxG44efbVU #Occupy #OWS #occupywallstreet #OccupyHQ #GrassRoots #US...
0, Amazing photography #occupywallstreet #JulianVoloj #judaism http://t.co/rj1HJXmg
0," The movement against hate radio seems to have """"someone"""" http://t.co/6RdTdfuGvc  - #ows"""
0, Fuel Poverty Action: No More Deaths from Fuel Poverty http://t.co/H5o4v7zKRc #Occupy #OWS #occupywallstreet #OccupyHQ #GrassRoots #USA ...
1, @d_seaman kinda like government infiltrating #occupywallstreet . We need citizen agent provocateurs.
1, Banks Cannot Gamble On Your Future (As Much As They Would Like To) http://t.co/TXnftiIqoE #Occupy #OWS #occupywallstreet #OccupyHQ #Gr...
1, The US Government Tells The Whole World To Go FATCA Themselves http://t.co/1DT8vcwtt5 #Occupy #OWS #occupywallstreet #OccupyHQ #GrassRo...
0, NYC forecast Sun 3/2/14: Snow. High temp: 35F. Get smart: http://t.co/cU6cSW7uw9 #OccupyWallStreet #tcot #tlot
0, UN Report Finds Widespread Torture of Afghan Detainees http://t.co/MEoVrQWO #Occupy #OWS #occupywallstreet #OccupyHQ #GrassRoots
1, Common Cause http://t.co/HoKYl9S4  tell the @FCC: enforce your rule requiring disclosure in political advertising. #OccupyWallstreet #OWS
0, NYC forecast this afternoon: Rain. High temp: 48F.  #OccupyWallStreet #GlennBeck #tpp
1, IRS Is A Criminal Mafia http://t.co/RBIfrmlqVq #Video #Occupy #OWS #occupywallstreet #OccupyHQ #GrassRoots #USA #US #Canada #Europe #Pr...
0, Feds Order MTA To Modify Metro-North Signal System http://t.co/23a04cmhJS #Occupy #OWS #occupywallstreet #OccupyHQ #GrassRoots
0, Obama unveils African power initiative http://t.co/t7wnBbXPL4 #Occupy #OWS #occupywallstreet #OccupyHQ #GrassRoots
0, Iraq to Exclude Major Sunni Cities From Vote Citing al-Qaeda http://t.co/6QCZhnh6CM #Occupy #OWS #occupywallstreet #OccupyHQ #GrassRoots
0, NYC forecast Fri 1/18/13: Sunny. High temp: 35F. Get smart: http://t.co/ULVTst2Z #OccupyWallStreet #tcot #tpp
1, RT @OccupyWallSt: Like what we do to help the #WalmartStrikers? Show everyone what team you are on. http://t.co/fJp1O95PNL #politics #news
1, Cooper Union Sit-In Grows to More than 100; Student Bloc Solidarity Statement http://t.co/OSSI1oS0au #Occupy #OWS #occupywallstreet #O...
0, Edible Insect Farmers In Thailand Increase Profits Meet Growing Demand http://t.co/BFJSV33xCk #Occupy #OWS #occupywallstreet #OccupyHQ...
0, INFOGRAPHIC: The Business of Forestry http://t.co/YXOtombUfB #Occupy #OWS #occupywallstreet #OccupyHQ #GrassRoots #USA #US #Canada #Eur...
0, NYC forecast Tue 6/24/14 night: Thunderstorms. Low temp: 68F.  #OccupyWallStreet #p2 #GlennBeck
0, NYC forecast Tue 7/15/14 night: Thunderstorms. Low temp: 68F.  #OccupyWallStreet #tcot #TopProg
0, Question wording makes all the difference in immigration polling http://t.co/2UsVzoPOvW #Occupy #OWS #occupywallstreet #OccupyHQ #GrassRoots
0, Remember remember the 5th of November y'all! RT @lachlan I'm just gonna leave this here. #OWS #OccupyWallStreet http://t.co/ABkZ1KHjmo
1, Willing to know what'd be @SenJohnMcCain reaction if any Russian senator came to US to support #occupywallstreet.
0, North Korea: New school textbook on Kim http://t.co/YNuM4huC #Occupy #OWS #occupywallstreet #OccupyHQ #GrassRoots
0, Pilgrims Attacked Again in Iraq; 73 Killed 121 Wounded http://t.co/2RJCgYiu03 #Occupy #OWS #occupywallstreet #OccupyHQ #GrassRoots
0, WZAPN v Minister for Immigration and Border Protection http://t.co/hYybEF1qHN #Occupy #OWS #occupywallstreet #OccupyHQ #GrassRoots #USA...
0, Tunisia: Independence of HAICA should be protected http://t.co/p3jf9BxL6P #Occupy #OWS #occupywallstreet #OccupyHQ #GrassRoots #USA #US...
0, From Cairo a belated obituary for Bassem Mohsen http://t.co/UxEd71rCq7 #Occupy #OWS #occupywallstreet #OccupyHQ #GrassRoots #USA #US #...
0, How To Fight Back Against @Reince Preibus' Bloodless Coup http://t.co/QRm1oLqw via @sharethis @EdShow #OccupyWallstreet #OWS #AFLCIO @AFSCME
0, NYC forecast Sun 6/30/13: Thunderstorms. High temp: 82F.  #OccupyWallStreet #tcot #sgp
0, NYC forecast Fri 9/13/13 night: Mostly cloudy. Low temp: 55F.  #OccupyWallStreet #p2 #p2
0, Tomorrow Alternative Banking Group of #OccupyWallStreet  special speaker Michael Shuman coming to us via skype http://t.co/nFUb7ZskRe
0, Mideast war and peace 
0, Turkey: Anti nuclear protest reaches critical in Sinop http://t.co/vcWkIWM1Iy #Occupy #OWS #occupywallstreet #OccupyHQ #GrassRoots #USA...
0, NYC forecast Tue 7/8/14: Sunny. High temp: 92F. Get smart: http://t.co/L4w8nYQDPr #OccupyWallStreet #teaparty #tpp
0, Headlines for May 14 2013 http://t.co/qsFZL7honC #Occupy #OWS #occupywallstreet #OccupyHQ #GrassRoots
0, Valencia appoints their new head coach http://t.co/q0LJ6ePJHb #Occupy #OWS #occupywallstreet #OccupyHQ #GrassRoots #USA #US #Canada #Eu...
0," Call for Papers: WILPF NIgeria: """"Partners of 1325"""" http://t.co/3RpgBfdL #Occupy #OWS #occupywallstreet #OccupyHQ #GrassRoots"""
0, Photo: OWS_18_oct_DSC_0155: Sunset Parkerpix posted... http://t.co/63A4KvVL #healthcare #barackobama #waldorfastoria #occupyWallStreet #ows
0, Chris Wahmhoff man who protested inside Enbridge pipe to run for U.S. Senate http://t.co/GzXvnBovss #OccupyInfo #OWSinfo #Revolution...
0, NYC forecast Mon 1/28/13 night: Rain. Low temp: 35F.  #OccupyWallStreet #GlennBeck #tlot
0, NYC forecast Wed 7/9/14 night: Thunderstorms. Low temp: 70F.  #OccupyWallStreet #tlot #teaparty
0, France Offloads Its Neo-Imperialism to United Nations http://t.co/IaP5bud5Gy #Occupy #OWS #occupywallstreet #OccupyHQ #GrassRoots
0, We Shall Overcome: Revisiting the Final Moments of Dr. Martin Luther King Jr. http://t.co/PtOWJZ0rEm #Occupy #OWS #occupywallstreet #...
0, @CLEARUK #marijuana #peace #democracy #occupywallstreet
0, China formally eases one-child policy http://t.co/ggfANvyDV8 #Occupy #OWS #occupywallstreet #OccupyHQ #GrassRoots
0, Palestinian ambassador to Prague killed in home explosion http://t.co/XRhItgM9eF #Occupy #OWS #occupywallstreet #OccupyHQ #GrassRoots
0, Eleven Places to Visit in Argentina http://t.co/wwSWNIKhFi #Occupy #OWS #occupywallstreet #OccupyHQ #GrassRoots #USA #US #Canada #Europ...
0, #occupywallstreet Peace poet and Occupy Sandy organizer gets detained in the next phase of Palest...: Peace p... http://t.co/gX1A2r4XNj
0, 6 Times Americans Totally Deserved To Be Smacked Down By Mother Nature http://t.co/TjO3wCmviV #Occupy #OWS #occupywallstreet #OccupyHQ ...
1, #OccupyWallStreet 10 Practical Tools for Building a Resilient Local Economy http://t.co/UKee93vp via @FilmsForAction
0, NYC forecast Thu 1/24/13 night: Sunny. Low temp: 13F.  #OccupyWallStreet #TopProg #tcot
0, Attacks on the Press in 2012 - Colombia http://t.co/ACwilPoDCk #Occupy #OWS #occupywallstreet #OccupyHQ #GrassRoots
0, NYC forecast Sun 11/10/13: Sunny. High temp: 55F.  #OccupyWallStreet #tlot #teaparty
0, Latin America Turns to iPhone App to take Hammerheads Off the Chopping Block http://t.co/BgPePtasAe #Occupy #OWS #occupywallstreet #Occ...
0, Para Medic Trade Unions strike http://t.co/H3Kx1Rhmbs #Occupy #OWS #occupywallstreet #OccupyHQ #GrassRoots #USA #US #Canada #Europe #Pr...
0, Producing all kinds of Mobile apps #occupywallstreet\x0A http://t.co/cafLlFnDvn http://t.co/BdBFUHqHm8
0, NYC forecast Fri 7/11/14: Sunny. High temp: 85F. Get smart: http://t.co/3gxfEcD4ir #OccupyWallStreet #GlennBeck #GlennBeck
1, Berserk Rampathon Algo Just Bought The S&amp;P At 2130 http://t.co/oVV3d40EN2 #Occupy #OWS #occupywallstreet #OccupyHQ #GrassRoots #USA #U...
0, RT @brentnhunter: There comes a time when #silence is betrayal. Martin Luther King 
1, Not exactly an #OccupyWallStreet solution but EBay-style peer loans are experiments worth watching: http://t.co/OiotGnpbYZ.
0, Zuade Kaufman: Open Letter on Google Censorship http://t.co/rymgImSPo6 #Occupy #OWS #occupywallstreet #OccupyHQ #GrassRoots #USA #US #C...
1, Beki Adam at Chantry Farm talks about the danger of Fracking http://t.co/tkWHPP5oSM #Occupy #OWS #occupywallstreet #OccupyHQ #GrassRoots
1, Shocking Article Reveals Another Hidden Tax http://t.co/CBpxddeFPE #Occupy #OWS #occupywallstreet #OccupyHQ #GrassRoots #USA #US #Canad...
0, Look Again. Can You See the New Addition? http://t.co/qGlS1kqyIL #Occupy #OWS #occupywallstreet #OccupyHQ #GrassRoots #USA #US #Canada ...
0, To Abolish Rape Overthrow Male Desire http://t.co/gn86HXenFt #Occupy #OWS #occupywallstreet #OccupyHQ #GrassRoots
0, No5 GENERATION GROWTH http://t.co/9YgkqshWYi #Video #Occupy #OWS #occupywallstreet #OccupyHQ #GrassRoots #USA #US #Canada #Europe #Prot...
1," RT @LeeCamp """"How To Make Renewable Energy More Dangerous"""" - my new video - http://t.co/v9kHkwRm #Occupy #OccupyWallStreet #OWS #p2"""
1, Democracy Now! 2014-08-25 Monday http://t.co/1xdY6xmVaK #Video #Occupy #OWS #occupywallstreet #OccupyHQ #GrassRoots #USA #US #Canada #E...
1, RT @OccupyWallSt: 2 years later and still nothing has changed. Especially not the great taste of Mountain Dew #occupywallstreet #dothedew
0, Let's Stop Screwing Around and Impeach James Clapper: After lying to Con http://t.co/2pgbEhYd9w [http://t.co/EjnVjMHXGQ] #OWS @OccupyWallSt
0, igh speed FREE #VPN for all #Occupy brothers and sisters: http://t.co/34NxyVV1T3  #OWS #occupywallstreet
0, New Queer Cinema B. Ruby Rich http://t.co/CIe8EYEtTl #Occupy #OWS #occupywallstreet #OccupyHQ #GrassRoots
0, 00000 PROTEST RZAD POD SAD http://t.co/Df0Y05kdrw #Occupy #OWS #occupywallstreet #OccupyHQ #GrassRoots #USA #US #Canada #Europe #Protes...
0, NYC forecast this afternoon: Sunny. High temp: 48F.  #OccupyWallStreet #sgp #p2
0, Myanmar complicit in trafficking Rohingya: rights group http://t.co/kDveiyLQD9 #Occupy #OWS #occupywallstreet #OccupyHQ #GrassRoots #US...
0, Headlines for May  3 2013 http://t.co/ARgKC2pqOs #Occupy #OWS #occupywallstreet #OccupyHQ #GrassRoots
0, !!gr8!!- Watch Maleficent Online hq here () http://t.co/LwPkq831HT #Occupy #OWS #occupywallstreet #OccupyHQ #GrassRoots #USA #US #Canad...
1, Last Chance This Year to Support Journalism in the Public Interest http://t.co/O4KEJOHTrD #Occupy #OWS #occupywallstreet #OccupyHQ #Gr...
1, Senator Ted Cruz You're Fired http://t.co/gOIc1MWPU8 #Occupy #OWS #occupywallstreet #OccupyHQ #GrassRoots #USA #US #Canada #Europe #Pr...
0, The #BudgetDeal(RIP-OFF): A Dirge for the #Unemployed http://t.co/9dyKSsKJrD #AFGE #Medicare #AFLCIO #OccupyWallstreet #OccupyUSA #OWS #jobs
0, NYC forecast Tue 7/15/14: Thunderstorms. High temp: 85F.  #OccupyWallStreet #p2 #TopProg
1, We're Still at War: Photo of the Day for November 17 2014 http://t.co/QXu1e66lnD #Occupy #OWS #occupywallstreet #OccupyHQ #GrassRoots ...
0, Photo: EM_121103_Rockaway_033: Minister Erik McGregor posted a... http://t.co/N1IkqV23 #nyc #newyorkcity #newyork #occupyWallStreet #ows
0, NYC forecast Thu 4/17/14: Sunny. High temp: 50F.  #OccupyWallStreet #tlot #tpp
0, NYC forecast Thu 1/16/14: Sunny. High temp: 45F.  #OccupyWallStreet #teaparty #teaparty
0, Scotland Election Watch - voting now underway http://t.co/bGpcIXa5Ad #Occupy #OWS #occupywallstreet #OccupyHQ #GrassRoots #USA #US #Can...
0, Playing Fetch Isn't These Dogs' Strong Suit But We Love Them For Trying http://t.co/5GnlpgbkRy #Occupy #OWS #occupywallstreet #OccupyH...
0, Reason #1 The Silver Noose is Tightening http://t.co/UhHlp2zlwV #Occupy #OWS #occupywallstreet #OccupyHQ #GrassRoots #USA #US #Canada #...
0, New Europe-Wide Project Uses Decentralized Tools for Democratic Empowerment http://t.co/8vAEsByT2E #Occupy #OWS #occupywallstreet #Occu...
0, Scott Olsen &lt;3\x0AThank-you for your service.\x0AOCCUPY.\x0Ahttp://t.co/sX4Ki4HtPb \x0A#Occupy #occupywallstreet #anonymous #ows #occupysd #oo #ola #osd
0, Rt @WikileaksTruck Bradley #Manning reading his statement:http://t.co/ouUoEvb2XJ #Assange #WikiLeaks #OccupyWallstreet #Anonymous #FreeBrad
0, No Breakthrough on Iran Nuclear Talks as Oman Meetings End http://t.co/aDGszSdudu #Occupy #OWS #occupywallstreet #OccupyHQ #GrassRoots ...
0, New Issue: International Peacekeeping http://t.co/dyY9UfPq3h #Occupy #OWS #occupywallstreet #OccupyHQ #GrassRoots #USA #US #Canada #Eur...
1, Infographic: How Poverty Taxes the Brain http://t.co/2k10LBpRvU #Occupy #OWS #occupywallstreet #OccupyHQ #GrassRoots
1, TARP Regulator: Obama Admin Tried To Bribe Me http://t.co/BYgZEgRj #OWS #occupywallstreet @msnbc @cnn
0," """"Unruly Passengers"""" Increased 12x in Four Years. I Wonder Why? http://t.co/WAGUT8h0k7 #Occupy #OWS #occupywallstreet #OccupyHQ #GrassRoots"""
1, RT @drovics: Today in 2011:  Occupy Wall Street begins. http://t.co/OsjfVekSpF
1, We're Still at War: Photo of the Day for August 26 2014 http://t.co/u8nrMppnUz #Occupy #OWS #occupywallstreet #OccupyHQ #GrassRoots #U...
1, #OccupyWallStreet Protesters Mark Two-Year Anniversary - NY1 http://t.co/lpZKAc3ktT
0, Organizations hope to rehab VA Center buildings for homeless vets http://t.co/lRgkvEjnxm #Occupy #OWS #occupywallstreet #OccupyHQ #Gras...
0, Video: Florida teen Chris Kreis rides on 30-foot whale shark http://t.co/503SlRLfu6 #Occupy #OWS #occupywallstreet #OccupyHQ #GrassRoots
0, Remembering The Greatest 4th Of July Speech Of All Time http://t.co/gqmV8GtM10 #Occupy #OWS #occupywallstreet #OccupyHQ #GrassRoots #US...
0, NYC forecast Sun 6/29/14 night: Partly cloudy. Low temp: 65F.  #OccupyWallStreet #teaparty #tpp
1, #OccupyWallStreet Documentaries (3): American Autumn: An Occudoc (the movement two years on) http://t.co/Ysn2o7VbSB
0, Border Patrol Points Gun at Boy Scout for Taking Picture Threatens Arrest http://t.co/cVAhPJAJbd #Occupy #OWS #occupywallstreet #Occup...
1, PSU Student &amp; Faculty Walk-Out: Expect Us http://t.co/NIrUKDqnz3 #Photo #Selfie #Occupy #OWS #occupywallstreet #OccupyHQ #GrassRoots
0, The True Story About Pit Bulls-Peaceful  Protest Against Penn Live http://t.co/GcFPd7tjpz #Occupy #OWS #occupywallstreet #OccupyHQ #Gra...
0, Save the Last 160 Blond Titi Monkeys! http://t.co/bmzU0AzcCV #Occupy #OWS #occupywallstreet #OccupyHQ #GrassRoots #USA #US #Canada #Eur...
1," #OccupyWallStreet U.S. Senator Joe Manchin III 14 February 2013 Begin at 1:50:50: """"Glass-Steagall was put in p... http://t.co/CLhBl8az"""
0, RT @brentnhunter Strength doesn't come from physical capacity. It comes from an indomitable will. Gandhi #occupywallstreet
0, go pro pics http://t.co/pJviFCE3 #Occupy #OWS #occupywallstreet #OccupyHQ #GrassRoots
1, Probably not good news markets in everything http://t.co/6AVQEupXVG #Occupy #OWS #occupywallstreet #OccupyHQ #GrassRoots
1, RT @GDruckerForum: Democratic #capitalism is ignoring #OccupyWallStreet instead of understanding it\x0A@RogerLMartin #GPDF14
0, NYC forecast Thu 10/10/13: Rain. High temp: 68F.  #OccupyWallStreet #sgp #p2
0, Fellowship http://t.co/it7yoqf04Q #Occupy #OWS #occupywallstreet #OccupyHQ #GrassRoots